Timing Analyzer report for Lab6_PART2
Mon Apr 20 21:13:04 2026
Quartus Prime Version 25.1std.0 Build 1129 10/21/2025 SC Lite Edition


---------------------
; Table of Contents ;
---------------------
  1. Legal Notice
  2. Timing Analyzer Summary
  3. Parallel Compilation
  4. Clocks
  5. Slow 1200mV 85C Model Fmax Summary
  6. Slow 1200mV 85C Model Setup Summary
  7. Slow 1200mV 85C Model Hold Summary
  8. Slow 1200mV 85C Model Recovery Summary
  9. Slow 1200mV 85C Model Removal Summary
 10. Slow 1200mV 85C Model Minimum Pulse Width Summary
 11. Slow 1200mV 85C Model Metastability Summary
 12. Slow 1200mV 0C Model Fmax Summary
 13. Slow 1200mV 0C Model Setup Summary
 14. Slow 1200mV 0C Model Hold Summary
 15. Slow 1200mV 0C Model Recovery Summary
 16. Slow 1200mV 0C Model Removal Summary
 17. Slow 1200mV 0C Model Minimum Pulse Width Summary
 18. Slow 1200mV 0C Model Metastability Summary
 19. Fast 1200mV 0C Model Setup Summary
 20. Fast 1200mV 0C Model Hold Summary
 21. Fast 1200mV 0C Model Recovery Summary
 22. Fast 1200mV 0C Model Removal Summary
 23. Fast 1200mV 0C Model Minimum Pulse Width Summary
 24. Fast 1200mV 0C Model Metastability Summary
 25. Multicorner Timing Analysis Summary
 26. Board Trace Model Assignments
 27. Input Transition Times
 28. Signal Integrity Metrics (Slow 1200mv 0c Model)
 29. Signal Integrity Metrics (Slow 1200mv 85c Model)
 30. Signal Integrity Metrics (Fast 1200mv 0c Model)
 31. Setup Transfers
 32. Hold Transfers
 33. Report TCCS
 34. Report RSKM
 35. Unconstrained Paths Summary
 36. Clock Status Summary
 37. Unconstrained Input Ports
 38. Unconstrained Output Ports
 39. Unconstrained Input Ports
 40. Unconstrained Output Ports
 41. Timing Analyzer Messages



----------------
; Legal Notice ;
----------------
Copyright (C) 2025  Altera Corporation. All rights reserved.
Your use of Altera Corporation's design tools, logic functions 
and other software and tools, and any partner logic 
functions, and any output files from any of the foregoing 
(including device programming or simulation files), and any 
associated documentation or information are expressly subject 
to the terms and conditions of the Altera Program License 
Subscription Agreement, the Altera Quartus Prime License Agreement,
the Altera IP License Agreement, or other applicable license
agreement, including, without limitation, that your use is for
the sole purpose of programming logic devices manufactured by
Altera and sold by Altera or its authorized distributors.  Please
refer to the Altera Software License Subscription Agreements 
on the Quartus Prime software download page.



+---------------------------------------------------------------------------------+
; Timing Analyzer Summary                                                         ;
+-----------------------+---------------------------------------------------------+
; Quartus Prime Version ; Version 25.1std.0 Build 1129 10/21/2025 SC Lite Edition ;
; Timing Analyzer       ; Legacy Timing Analyzer                                  ;
; Revision Name         ; Lab6_PART2                                              ;
; Device Family         ; MAX 10                                                  ;
; Device Name           ; 10M50DAF484C6GES                                        ;
; Timing Models         ; Preliminary                                             ;
; Delay Model           ; Combined                                                ;
; Rise/Fall Delays      ; Enabled                                                 ;
+-----------------------+---------------------------------------------------------+


+------------------------------------------+
; Parallel Compilation                     ;
+----------------------------+-------------+
; Processors                 ; Number      ;
+----------------------------+-------------+
; Number detected on machine ; 12          ;
; Maximum allowed            ; 12          ;
;                            ;             ;
; Average used               ; 1.15        ;
; Maximum used               ; 12          ;
;                            ;             ;
; Usage by Processor         ; % Time Used ;
;     Processor 1            ; 100.0%      ;
;     Processors 2-12        ;   1.3%      ;
+----------------------------+-------------+


+------------------------------------------------------------------------------------------------------------------------------------------------------------------------------------+
; Clocks                                                                                                                                                                             ;
+------------+------+--------+------------+-------+-------+------------+-----------+-------------+-------+--------+-----------+------------+----------+--------+--------+------------+
; Clock Name ; Type ; Period ; Frequency  ; Rise  ; Fall  ; Duty Cycle ; Divide by ; Multiply by ; Phase ; Offset ; Edge List ; Edge Shift ; Inverted ; Master ; Source ; Targets    ;
+------------+------+--------+------------+-------+-------+------------+-----------+-------------+-------+--------+-----------+------------+----------+--------+--------+------------+
; inst7      ; Base ; 1.000  ; 1000.0 MHz ; 0.000 ; 0.500 ;            ;           ;             ;       ;        ;           ;            ;          ;        ;        ; { inst7 }  ;
; MEMCLK     ; Base ; 1.000  ; 1000.0 MHz ; 0.000 ; 0.500 ;            ;           ;             ;       ;        ;           ;            ;          ;        ;        ; { MEMCLK } ;
+------------+------+--------+------------+-------+-------+------------+-----------+-------------+-------+--------+-----------+------------+----------+--------+--------+------------+


+--------------------------------------------------+
; Slow 1200mV 85C Model Fmax Summary               ;
+------------+-----------------+------------+------+
; Fmax       ; Restricted Fmax ; Clock Name ; Note ;
+------------+-----------------+------------+------+
; 308.17 MHz ; 308.17 MHz      ; inst7      ;      ;
+------------+-----------------+------------+------+
This panel reports FMAX for every clock in the design, regardless of the user-specified clock periods.  FMAX is only computed for paths where the source and destination registers or ports are driven by the same clock.  Paths of different clocks, including generated clocks, are ignored.  For paths between a clock and its inversion, FMAX is computed as if the rising and falling edges are scaled along with FMAX, such that the duty cycle (in terms of a percentage) is maintained. Altera recommends that you always use clock constraints and other slack reports for sign-off analysis.


+-------------------------------------+
; Slow 1200mV 85C Model Setup Summary ;
+--------+--------+-------------------+
; Clock  ; Slack  ; End Point TNS     ;
+--------+--------+-------------------+
; inst7  ; -4.312 ; -59.394           ;
; MEMCLK ; -1.232 ; -1.232            ;
+--------+--------+-------------------+


+------------------------------------+
; Slow 1200mV 85C Model Hold Summary ;
+--------+-------+-------------------+
; Clock  ; Slack ; End Point TNS     ;
+--------+-------+-------------------+
; inst7  ; 0.314 ; 0.000             ;
; MEMCLK ; 1.147 ; 0.000             ;
+--------+-------+-------------------+


------------------------------------------
; Slow 1200mV 85C Model Recovery Summary ;
------------------------------------------
No paths to report.


-----------------------------------------
; Slow 1200mV 85C Model Removal Summary ;
-----------------------------------------
No paths to report.


+---------------------------------------------------+
; Slow 1200mV 85C Model Minimum Pulse Width Summary ;
+--------+--------+---------------------------------+
; Clock  ; Slack  ; End Point TNS                   ;
+--------+--------+---------------------------------+
; MEMCLK ; -3.000 ; -6.409                          ;
; inst7  ; -1.222 ; -20.774                         ;
+--------+--------+---------------------------------+


-----------------------------------------------
; Slow 1200mV 85C Model Metastability Summary ;
-----------------------------------------------
No synchronizer chains to report.


+--------------------------------------------------+
; Slow 1200mV 0C Model Fmax Summary                ;
+------------+-----------------+------------+------+
; Fmax       ; Restricted Fmax ; Clock Name ; Note ;
+------------+-----------------+------------+------+
; 336.47 MHz ; 336.47 MHz      ; inst7      ;      ;
+------------+-----------------+------------+------+
This panel reports FMAX for every clock in the design, regardless of the user-specified clock periods.  FMAX is only computed for paths where the source and destination registers or ports are driven by the same clock.  Paths of different clocks, including generated clocks, are ignored.  For paths between a clock and its inversion, FMAX is computed as if the rising and falling edges are scaled along with FMAX, such that the duty cycle (in terms of a percentage) is maintained. Altera recommends that you always use clock constraints and other slack reports for sign-off analysis.


+------------------------------------+
; Slow 1200mV 0C Model Setup Summary ;
+--------+--------+------------------+
; Clock  ; Slack  ; End Point TNS    ;
+--------+--------+------------------+
; inst7  ; -3.907 ; -53.613          ;
; MEMCLK ; -1.059 ; -1.059           ;
+--------+--------+------------------+


+-----------------------------------+
; Slow 1200mV 0C Model Hold Summary ;
+--------+-------+------------------+
; Clock  ; Slack ; End Point TNS    ;
+--------+-------+------------------+
; inst7  ; 0.285 ; 0.000            ;
; MEMCLK ; 1.011 ; 0.000            ;
+--------+-------+------------------+


-----------------------------------------
; Slow 1200mV 0C Model Recovery Summary ;
-----------------------------------------
No paths to report.


----------------------------------------
; Slow 1200mV 0C Model Removal Summary ;
----------------------------------------
No paths to report.


+--------------------------------------------------+
; Slow 1200mV 0C Model Minimum Pulse Width Summary ;
+--------+--------+--------------------------------+
; Clock  ; Slack  ; End Point TNS                  ;
+--------+--------+--------------------------------+
; MEMCLK ; -3.000 ; -6.252                         ;
; inst7  ; -1.222 ; -20.774                        ;
+--------+--------+--------------------------------+


----------------------------------------------
; Slow 1200mV 0C Model Metastability Summary ;
----------------------------------------------
No synchronizer chains to report.


+------------------------------------+
; Fast 1200mV 0C Model Setup Summary ;
+--------+--------+------------------+
; Clock  ; Slack  ; End Point TNS    ;
+--------+--------+------------------+
; inst7  ; -1.611 ; -21.158          ;
; MEMCLK ; -0.330 ; -0.330           ;
+--------+--------+------------------+


+-----------------------------------+
; Fast 1200mV 0C Model Hold Summary ;
+--------+-------+------------------+
; Clock  ; Slack ; End Point TNS    ;
+--------+-------+------------------+
; inst7  ; 0.144 ; 0.000            ;
; MEMCLK ; 0.510 ; 0.000            ;
+--------+-------+------------------+


-----------------------------------------
; Fast 1200mV 0C Model Recovery Summary ;
-----------------------------------------
No paths to report.


----------------------------------------
; Fast 1200mV 0C Model Removal Summary ;
----------------------------------------
No paths to report.


+--------------------------------------------------+
; Fast 1200mV 0C Model Minimum Pulse Width Summary ;
+--------+--------+--------------------------------+
; Clock  ; Slack  ; End Point TNS                  ;
+--------+--------+--------------------------------+
; MEMCLK ; -3.000 ; -5.128                         ;
; inst7  ; -1.000 ; -17.000                        ;
+--------+--------+--------------------------------+


----------------------------------------------
; Fast 1200mV 0C Model Metastability Summary ;
----------------------------------------------
No synchronizer chains to report.


+-------------------------------------------------------------------------------+
; Multicorner Timing Analysis Summary                                           ;
+------------------+---------+-------+----------+---------+---------------------+
; Clock            ; Setup   ; Hold  ; Recovery ; Removal ; Minimum Pulse Width ;
+------------------+---------+-------+----------+---------+---------------------+
; Worst-case Slack ; -4.312  ; 0.144 ; N/A      ; N/A     ; -3.000              ;
;  MEMCLK          ; -1.232  ; 0.510 ; N/A      ; N/A     ; -3.000              ;
;  inst7           ; -4.312  ; 0.144 ; N/A      ; N/A     ; -1.222              ;
; Design-wide TNS  ; -60.626 ; 0.0   ; 0.0      ; 0.0     ; -27.183             ;
;  MEMCLK          ; -1.232  ; 0.000 ; N/A      ; N/A     ; -6.409              ;
;  inst7           ; -59.394 ; 0.000 ; N/A      ; N/A     ; -20.774             ;
+------------------+---------+-------+----------+---------+---------------------+


+-----------------------------------------------------------------------------------------------------------------------------------------------------------------------------------------------------------------------------------------------------------------------------------------------------------------------------------------------------------------------------------------------------------------+
; Board Trace Model Assignments                                                                                                                                                                                                                                                                                                                                                                                   ;
+--------------+--------------+-------------------+-------------------------+-------------------------+---------------+---------------------+----------------+------------------+--------+------------------+------------------------+------------------------+--------------+---------------+-----------------+-------+---------------------+--------------------+---------------+-----------------+-------------+
; Pin          ; I/O Standard ; Near Tline Length ; Near Tline L per Length ; Near Tline C per Length ; Near Series R ; Near Differential R ; Near Pull-up R ; Near Pull-down R ; Near C ; Far Tline Length ; Far Tline L per Length ; Far Tline C per Length ; Far Series R ; Far Pull-up R ; Far Pull-down R ; Far C ; Termination Voltage ; Far Differential R ; EBD File Name ; EBD Signal Name ; EBD Far-end ;
+--------------+--------------+-------------------+-------------------------+-------------------------+---------------+---------------------+----------------+------------------+--------+------------------+------------------------+------------------------+--------------+---------------+-----------------+-------+---------------------+--------------------+---------------+-----------------+-------------+
; RCO          ; 2.5 V        ; 0 in              ; 0 H/in                  ; 0 F/in                  ; short         ; -                   ; open           ; open             ; open   ; 0 in             ; 0 H/in                 ; 0 F/in                 ; short        ; open          ; open            ; open  ; 0 V                 ; -                  ; n/a           ; n/a             ; n/a         ;
; PC_INC       ; 2.5 V        ; 0 in              ; 0 H/in                  ; 0 F/in                  ; short         ; -                   ; open           ; open             ; open   ; 0 in             ; 0 H/in                 ; 0 F/in                 ; short        ; open          ; open            ; open  ; 0 V                 ; -                  ; n/a           ; n/a             ; n/a         ;
; IR[2]        ; 2.5 V        ; 0 in              ; 0 H/in                  ; 0 F/in                  ; short         ; -                   ; open           ; open             ; open   ; 0 in             ; 0 H/in                 ; 0 F/in                 ; short        ; open          ; open            ; open  ; 0 V                 ; -                  ; n/a           ; n/a             ; n/a         ;
; IR[1]        ; 2.5 V        ; 0 in              ; 0 H/in                  ; 0 F/in                  ; short         ; -                   ; open           ; open             ; open   ; 0 in             ; 0 H/in                 ; 0 F/in                 ; short        ; open          ; open            ; open  ; 0 V                 ; -                  ; n/a           ; n/a             ; n/a         ;
; IR[0]        ; 2.5 V        ; 0 in              ; 0 H/in                  ; 0 F/in                  ; short         ; -                   ; open           ; open             ; open   ; 0 in             ; 0 H/in                 ; 0 F/in                 ; short        ; open          ; open            ; open  ; 0 V                 ; -                  ; n/a           ; n/a             ; n/a         ;
; IR_LD        ; 2.5 V        ; 0 in              ; 0 H/in                  ; 0 F/in                  ; short         ; -                   ; open           ; open             ; open   ; 0 in             ; 0 H/in                 ; 0 F/in                 ; short        ; open          ; open            ; open  ; 0 V                 ; -                  ; n/a           ; n/a             ; n/a         ;
; INPUT[7]     ; 2.5 V        ; 0 in              ; 0 H/in                  ; 0 F/in                  ; short         ; -                   ; open           ; open             ; open   ; 0 in             ; 0 H/in                 ; 0 F/in                 ; short        ; open          ; open            ; open  ; 0 V                 ; -                  ; n/a           ; n/a             ; n/a         ;
; INPUT[6]     ; 2.5 V        ; 0 in              ; 0 H/in                  ; 0 F/in                  ; short         ; -                   ; open           ; open             ; open   ; 0 in             ; 0 H/in                 ; 0 F/in                 ; short        ; open          ; open            ; open  ; 0 V                 ; -                  ; n/a           ; n/a             ; n/a         ;
; INPUT[5]     ; 2.5 V        ; 0 in              ; 0 H/in                  ; 0 F/in                  ; short         ; -                   ; open           ; open             ; open   ; 0 in             ; 0 H/in                 ; 0 F/in                 ; short        ; open          ; open            ; open  ; 0 V                 ; -                  ; n/a           ; n/a             ; n/a         ;
; INPUT[4]     ; 2.5 V        ; 0 in              ; 0 H/in                  ; 0 F/in                  ; short         ; -                   ; open           ; open             ; open   ; 0 in             ; 0 H/in                 ; 0 F/in                 ; short        ; open          ; open            ; open  ; 0 V                 ; -                  ; n/a           ; n/a             ; n/a         ;
; INPUT[3]     ; 2.5 V        ; 0 in              ; 0 H/in                  ; 0 F/in                  ; short         ; -                   ; open           ; open             ; open   ; 0 in             ; 0 H/in                 ; 0 F/in                 ; short        ; open          ; open            ; open  ; 0 V                 ; -                  ; n/a           ; n/a             ; n/a         ;
; INPUT[2]     ; 2.5 V        ; 0 in              ; 0 H/in                  ; 0 F/in                  ; short         ; -                   ; open           ; open             ; open   ; 0 in             ; 0 H/in                 ; 0 F/in                 ; short        ; open          ; open            ; open  ; 0 V                 ; -                  ; n/a           ; n/a             ; n/a         ;
; INPUT[1]     ; 2.5 V        ; 0 in              ; 0 H/in                  ; 0 F/in                  ; short         ; -                   ; open           ; open             ; open   ; 0 in             ; 0 H/in                 ; 0 F/in                 ; short        ; open          ; open            ; open  ; 0 V                 ; -                  ; n/a           ; n/a             ; n/a         ;
; INPUT[0]     ; 2.5 V        ; 0 in              ; 0 H/in                  ; 0 F/in                  ; short         ; -                   ; open           ; open             ; open   ; 0 in             ; 0 H/in                 ; 0 F/in                 ; short        ; open          ; open            ; open  ; 0 V                 ; -                  ; n/a           ; n/a             ; n/a         ;
; A[14]        ; 2.5 V        ; 0 in              ; 0 H/in                  ; 0 F/in                  ; short         ; -                   ; open           ; open             ; open   ; 0 in             ; 0 H/in                 ; 0 F/in                 ; short        ; open          ; open            ; open  ; 0 V                 ; -                  ; n/a           ; n/a             ; n/a         ;
; A[13]        ; 2.5 V        ; 0 in              ; 0 H/in                  ; 0 F/in                  ; short         ; -                   ; open           ; open             ; open   ; 0 in             ; 0 H/in                 ; 0 F/in                 ; short        ; open          ; open            ; open  ; 0 V                 ; -                  ; n/a           ; n/a             ; n/a         ;
; A[12]        ; 2.5 V        ; 0 in              ; 0 H/in                  ; 0 F/in                  ; short         ; -                   ; open           ; open             ; open   ; 0 in             ; 0 H/in                 ; 0 F/in                 ; short        ; open          ; open            ; open  ; 0 V                 ; -                  ; n/a           ; n/a             ; n/a         ;
; A[11]        ; 2.5 V        ; 0 in              ; 0 H/in                  ; 0 F/in                  ; short         ; -                   ; open           ; open             ; open   ; 0 in             ; 0 H/in                 ; 0 F/in                 ; short        ; open          ; open            ; open  ; 0 V                 ; -                  ; n/a           ; n/a             ; n/a         ;
; A[10]        ; 2.5 V        ; 0 in              ; 0 H/in                  ; 0 F/in                  ; short         ; -                   ; open           ; open             ; open   ; 0 in             ; 0 H/in                 ; 0 F/in                 ; short        ; open          ; open            ; open  ; 0 V                 ; -                  ; n/a           ; n/a             ; n/a         ;
; A[9]         ; 2.5 V        ; 0 in              ; 0 H/in                  ; 0 F/in                  ; short         ; -                   ; open           ; open             ; open   ; 0 in             ; 0 H/in                 ; 0 F/in                 ; short        ; open          ; open            ; open  ; 0 V                 ; -                  ; n/a           ; n/a             ; n/a         ;
; A[8]         ; 2.5 V        ; 0 in              ; 0 H/in                  ; 0 F/in                  ; short         ; -                   ; open           ; open             ; open   ; 0 in             ; 0 H/in                 ; 0 F/in                 ; short        ; open          ; open            ; open  ; 0 V                 ; -                  ; n/a           ; n/a             ; n/a         ;
; A[7]         ; 2.5 V        ; 0 in              ; 0 H/in                  ; 0 F/in                  ; short         ; -                   ; open           ; open             ; open   ; 0 in             ; 0 H/in                 ; 0 F/in                 ; short        ; open          ; open            ; open  ; 0 V                 ; -                  ; n/a           ; n/a             ; n/a         ;
; A[6]         ; 2.5 V        ; 0 in              ; 0 H/in                  ; 0 F/in                  ; short         ; -                   ; open           ; open             ; open   ; 0 in             ; 0 H/in                 ; 0 F/in                 ; short        ; open          ; open            ; open  ; 0 V                 ; -                  ; n/a           ; n/a             ; n/a         ;
; A[5]         ; 2.5 V        ; 0 in              ; 0 H/in                  ; 0 F/in                  ; short         ; -                   ; open           ; open             ; open   ; 0 in             ; 0 H/in                 ; 0 F/in                 ; short        ; open          ; open            ; open  ; 0 V                 ; -                  ; n/a           ; n/a             ; n/a         ;
; A[4]         ; 2.5 V        ; 0 in              ; 0 H/in                  ; 0 F/in                  ; short         ; -                   ; open           ; open             ; open   ; 0 in             ; 0 H/in                 ; 0 F/in                 ; short        ; open          ; open            ; open  ; 0 V                 ; -                  ; n/a           ; n/a             ; n/a         ;
; A[3]         ; 2.5 V        ; 0 in              ; 0 H/in                  ; 0 F/in                  ; short         ; -                   ; open           ; open             ; open   ; 0 in             ; 0 H/in                 ; 0 F/in                 ; short        ; open          ; open            ; open  ; 0 V                 ; -                  ; n/a           ; n/a             ; n/a         ;
; A[2]         ; 2.5 V        ; 0 in              ; 0 H/in                  ; 0 F/in                  ; short         ; -                   ; open           ; open             ; open   ; 0 in             ; 0 H/in                 ; 0 F/in                 ; short        ; open          ; open            ; open  ; 0 V                 ; -                  ; n/a           ; n/a             ; n/a         ;
; A[1]         ; 2.5 V        ; 0 in              ; 0 H/in                  ; 0 F/in                  ; short         ; -                   ; open           ; open             ; open   ; 0 in             ; 0 H/in                 ; 0 F/in                 ; short        ; open          ; open            ; open  ; 0 V                 ; -                  ; n/a           ; n/a             ; n/a         ;
; A[0]         ; 2.5 V        ; 0 in              ; 0 H/in                  ; 0 F/in                  ; short         ; -                   ; open           ; open             ; open   ; 0 in             ; 0 H/in                 ; 0 F/in                 ; short        ; open          ; open            ; open  ; 0 V                 ; -                  ; n/a           ; n/a             ; n/a         ;
; PC_LD        ; 2.5 V        ; 0 in              ; 0 H/in                  ; 0 F/in                  ; short         ; -                   ; open           ; open             ; open   ; 0 in             ; 0 H/in                 ; 0 F/in                 ; short        ; open          ; open            ; open  ; 0 V                 ; -                  ; n/a           ; n/a             ; n/a         ;
; C_OUT        ; 2.5 V        ; 0 in              ; 0 H/in                  ; 0 F/in                  ; short         ; -                   ; open           ; open             ; open   ; 0 in             ; 0 H/in                 ; 0 F/in                 ; short        ; open          ; open            ; open  ; 0 V                 ; -                  ; n/a           ; n/a             ; n/a         ;
; MSA[1]       ; 2.5 V        ; 0 in              ; 0 H/in                  ; 0 F/in                  ; short         ; -                   ; open           ; open             ; open   ; 0 in             ; 0 H/in                 ; 0 F/in                 ; short        ; open          ; open            ; open  ; 0 V                 ; -                  ; n/a           ; n/a             ; n/a         ;
; MSA[0]       ; 2.5 V        ; 0 in              ; 0 H/in                  ; 0 F/in                  ; short         ; -                   ; open           ; open             ; open   ; 0 in             ; 0 H/in                 ; 0 F/in                 ; short        ; open          ; open            ; open  ; 0 V                 ; -                  ; n/a           ; n/a             ; n/a         ;
; MSB[1]       ; 2.5 V        ; 0 in              ; 0 H/in                  ; 0 F/in                  ; short         ; -                   ; open           ; open             ; open   ; 0 in             ; 0 H/in                 ; 0 F/in                 ; short        ; open          ; open            ; open  ; 0 V                 ; -                  ; n/a           ; n/a             ; n/a         ;
; MSB[0]       ; 2.5 V        ; 0 in              ; 0 H/in                  ; 0 F/in                  ; short         ; -                   ; open           ; open             ; open   ; 0 in             ; 0 H/in                 ; 0 F/in                 ; short        ; open          ; open            ; open  ; 0 V                 ; -                  ; n/a           ; n/a             ; n/a         ;
; MSC[2]       ; 2.5 V        ; 0 in              ; 0 H/in                  ; 0 F/in                  ; short         ; -                   ; open           ; open             ; open   ; 0 in             ; 0 H/in                 ; 0 F/in                 ; short        ; open          ; open            ; open  ; 0 V                 ; -                  ; n/a           ; n/a             ; n/a         ;
; MSC[1]       ; 2.5 V        ; 0 in              ; 0 H/in                  ; 0 F/in                  ; short         ; -                   ; open           ; open             ; open   ; 0 in             ; 0 H/in                 ; 0 F/in                 ; short        ; open          ; open            ; open  ; 0 V                 ; -                  ; n/a           ; n/a             ; n/a         ;
; MSC[0]       ; 2.5 V        ; 0 in              ; 0 H/in                  ; 0 F/in                  ; short         ; -                   ; open           ; open             ; open   ; 0 in             ; 0 H/in                 ; 0 F/in                 ; short        ; open          ; open            ; open  ; 0 V                 ; -                  ; n/a           ; n/a             ; n/a         ;
; AA_L         ; 2.5 V        ; 0 in              ; 0 H/in                  ; 0 F/in                  ; short         ; -                   ; open           ; open             ; open   ; 0 in             ; 0 H/in                 ; 0 F/in                 ; short        ; open          ; open            ; open  ; 0 V                 ; -                  ; n/a           ; n/a             ; n/a         ;
; REGA[3]      ; 2.5 V        ; 0 in              ; 0 H/in                  ; 0 F/in                  ; short         ; -                   ; open           ; open             ; open   ; 0 in             ; 0 H/in                 ; 0 F/in                 ; short        ; open          ; open            ; open  ; 0 V                 ; -                  ; n/a           ; n/a             ; n/a         ;
; REGA[2]      ; 2.5 V        ; 0 in              ; 0 H/in                  ; 0 F/in                  ; short         ; -                   ; open           ; open             ; open   ; 0 in             ; 0 H/in                 ; 0 F/in                 ; short        ; open          ; open            ; open  ; 0 V                 ; -                  ; n/a           ; n/a             ; n/a         ;
; REGA[1]      ; 2.5 V        ; 0 in              ; 0 H/in                  ; 0 F/in                  ; short         ; -                   ; open           ; open             ; open   ; 0 in             ; 0 H/in                 ; 0 F/in                 ; short        ; open          ; open            ; open  ; 0 V                 ; -                  ; n/a           ; n/a             ; n/a         ;
; REGA[0]      ; 2.5 V        ; 0 in              ; 0 H/in                  ; 0 F/in                  ; short         ; -                   ; open           ; open             ; open   ; 0 in             ; 0 H/in                 ; 0 F/in                 ; short        ; open          ; open            ; open  ; 0 V                 ; -                  ; n/a           ; n/a             ; n/a         ;
; AB_L         ; 2.5 V        ; 0 in              ; 0 H/in                  ; 0 F/in                  ; short         ; -                   ; open           ; open             ; open   ; 0 in             ; 0 H/in                 ; 0 F/in                 ; short        ; open          ; open            ; open  ; 0 V                 ; -                  ; n/a           ; n/a             ; n/a         ;
; AC_L         ; 2.5 V        ; 0 in              ; 0 H/in                  ; 0 F/in                  ; short         ; -                   ; open           ; open             ; open   ; 0 in             ; 0 H/in                 ; 0 F/in                 ; short        ; open          ; open            ; open  ; 0 V                 ; -                  ; n/a           ; n/a             ; n/a         ;
; AD_L         ; 2.5 V        ; 0 in              ; 0 H/in                  ; 0 F/in                  ; short         ; -                   ; open           ; open             ; open   ; 0 in             ; 0 H/in                 ; 0 F/in                 ; short        ; open          ; open            ; open  ; 0 V                 ; -                  ; n/a           ; n/a             ; n/a         ;
; AE_L         ; 2.5 V        ; 0 in              ; 0 H/in                  ; 0 F/in                  ; short         ; -                   ; open           ; open             ; open   ; 0 in             ; 0 H/in                 ; 0 F/in                 ; short        ; open          ; open            ; open  ; 0 V                 ; -                  ; n/a           ; n/a             ; n/a         ;
; AF_L         ; 2.5 V        ; 0 in              ; 0 H/in                  ; 0 F/in                  ; short         ; -                   ; open           ; open             ; open   ; 0 in             ; 0 H/in                 ; 0 F/in                 ; short        ; open          ; open            ; open  ; 0 V                 ; -                  ; n/a           ; n/a             ; n/a         ;
; AG_L         ; 2.5 V        ; 0 in              ; 0 H/in                  ; 0 F/in                  ; short         ; -                   ; open           ; open             ; open   ; 0 in             ; 0 H/in                 ; 0 F/in                 ; short        ; open          ; open            ; open  ; 0 V                 ; -                  ; n/a           ; n/a             ; n/a         ;
; BA_L         ; 2.5 V        ; 0 in              ; 0 H/in                  ; 0 F/in                  ; short         ; -                   ; open           ; open             ; open   ; 0 in             ; 0 H/in                 ; 0 F/in                 ; short        ; open          ; open            ; open  ; 0 V                 ; -                  ; n/a           ; n/a             ; n/a         ;
; REGB[3]      ; 2.5 V        ; 0 in              ; 0 H/in                  ; 0 F/in                  ; short         ; -                   ; open           ; open             ; open   ; 0 in             ; 0 H/in                 ; 0 F/in                 ; short        ; open          ; open            ; open  ; 0 V                 ; -                  ; n/a           ; n/a             ; n/a         ;
; REGB[2]      ; 2.5 V        ; 0 in              ; 0 H/in                  ; 0 F/in                  ; short         ; -                   ; open           ; open             ; open   ; 0 in             ; 0 H/in                 ; 0 F/in                 ; short        ; open          ; open            ; open  ; 0 V                 ; -                  ; n/a           ; n/a             ; n/a         ;
; REGB[1]      ; 2.5 V        ; 0 in              ; 0 H/in                  ; 0 F/in                  ; short         ; -                   ; open           ; open             ; open   ; 0 in             ; 0 H/in                 ; 0 F/in                 ; short        ; open          ; open            ; open  ; 0 V                 ; -                  ; n/a           ; n/a             ; n/a         ;
; REGB[0]      ; 2.5 V        ; 0 in              ; 0 H/in                  ; 0 F/in                  ; short         ; -                   ; open           ; open             ; open   ; 0 in             ; 0 H/in                 ; 0 F/in                 ; short        ; open          ; open            ; open  ; 0 V                 ; -                  ; n/a           ; n/a             ; n/a         ;
; BB_L         ; 2.5 V        ; 0 in              ; 0 H/in                  ; 0 F/in                  ; short         ; -                   ; open           ; open             ; open   ; 0 in             ; 0 H/in                 ; 0 F/in                 ; short        ; open          ; open            ; open  ; 0 V                 ; -                  ; n/a           ; n/a             ; n/a         ;
; BC_L         ; 2.5 V        ; 0 in              ; 0 H/in                  ; 0 F/in                  ; short         ; -                   ; open           ; open             ; open   ; 0 in             ; 0 H/in                 ; 0 F/in                 ; short        ; open          ; open            ; open  ; 0 V                 ; -                  ; n/a           ; n/a             ; n/a         ;
; BD_L         ; 2.5 V        ; 0 in              ; 0 H/in                  ; 0 F/in                  ; short         ; -                   ; open           ; open             ; open   ; 0 in             ; 0 H/in                 ; 0 F/in                 ; short        ; open          ; open            ; open  ; 0 V                 ; -                  ; n/a           ; n/a             ; n/a         ;
; BE_L         ; 2.5 V        ; 0 in              ; 0 H/in                  ; 0 F/in                  ; short         ; -                   ; open           ; open             ; open   ; 0 in             ; 0 H/in                 ; 0 F/in                 ; short        ; open          ; open            ; open  ; 0 V                 ; -                  ; n/a           ; n/a             ; n/a         ;
; BF_L         ; 2.5 V        ; 0 in              ; 0 H/in                  ; 0 F/in                  ; short         ; -                   ; open           ; open             ; open   ; 0 in             ; 0 H/in                 ; 0 F/in                 ; short        ; open          ; open            ; open  ; 0 V                 ; -                  ; n/a           ; n/a             ; n/a         ;
; BG_L         ; 2.5 V        ; 0 in              ; 0 H/in                  ; 0 F/in                  ; short         ; -                   ; open           ; open             ; open   ; 0 in             ; 0 H/in                 ; 0 F/in                 ; short        ; open          ; open            ; open  ; 0 V                 ; -                  ; n/a           ; n/a             ; n/a         ;
; OUTPUT[3]    ; 2.5 V        ; 0 in              ; 0 H/in                  ; 0 F/in                  ; short         ; -                   ; open           ; open             ; open   ; 0 in             ; 0 H/in                 ; 0 F/in                 ; short        ; open          ; open            ; open  ; 0 V                 ; -                  ; n/a           ; n/a             ; n/a         ;
; OUTPUT[2]    ; 2.5 V        ; 0 in              ; 0 H/in                  ; 0 F/in                  ; short         ; -                   ; open           ; open             ; open   ; 0 in             ; 0 H/in                 ; 0 F/in                 ; short        ; open          ; open            ; open  ; 0 V                 ; -                  ; n/a           ; n/a             ; n/a         ;
; OUTPUT[1]    ; 2.5 V        ; 0 in              ; 0 H/in                  ; 0 F/in                  ; short         ; -                   ; open           ; open             ; open   ; 0 in             ; 0 H/in                 ; 0 F/in                 ; short        ; open          ; open            ; open  ; 0 V                 ; -                  ; n/a           ; n/a             ; n/a         ;
; OUTPUT[0]    ; 2.5 V        ; 0 in              ; 0 H/in                  ; 0 F/in                  ; short         ; -                   ; open           ; open             ; open   ; 0 in             ; 0 H/in                 ; 0 F/in                 ; short        ; open          ; open            ; open  ; 0 V                 ; -                  ; n/a           ; n/a             ; n/a         ;
; PC[3]        ; 2.5 V        ; 0 in              ; 0 H/in                  ; 0 F/in                  ; short         ; -                   ; open           ; open             ; open   ; 0 in             ; 0 H/in                 ; 0 F/in                 ; short        ; open          ; open            ; open  ; 0 V                 ; -                  ; n/a           ; n/a             ; n/a         ;
; PC[2]        ; 2.5 V        ; 0 in              ; 0 H/in                  ; 0 F/in                  ; short         ; -                   ; open           ; open             ; open   ; 0 in             ; 0 H/in                 ; 0 F/in                 ; short        ; open          ; open            ; open  ; 0 V                 ; -                  ; n/a           ; n/a             ; n/a         ;
; PC[1]        ; 2.5 V        ; 0 in              ; 0 H/in                  ; 0 F/in                  ; short         ; -                   ; open           ; open             ; open   ; 0 in             ; 0 H/in                 ; 0 F/in                 ; short        ; open          ; open            ; open  ; 0 V                 ; -                  ; n/a           ; n/a             ; n/a         ;
; PC[0]        ; 2.5 V        ; 0 in              ; 0 H/in                  ; 0 F/in                  ; short         ; -                   ; open           ; open             ; open   ; 0 in             ; 0 H/in                 ; 0 F/in                 ; short        ; open          ; open            ; open  ; 0 V                 ; -                  ; n/a           ; n/a             ; n/a         ;
; Q[1]         ; 2.5 V        ; 0 in              ; 0 H/in                  ; 0 F/in                  ; short         ; -                   ; open           ; open             ; open   ; 0 in             ; 0 H/in                 ; 0 F/in                 ; short        ; open          ; open            ; open  ; 0 V                 ; -                  ; n/a           ; n/a             ; n/a         ;
; Q[0]         ; 2.5 V        ; 0 in              ; 0 H/in                  ; 0 F/in                  ; short         ; -                   ; open           ; open             ; open   ; 0 in             ; 0 H/in                 ; 0 F/in                 ; short        ; open          ; open            ; open  ; 0 V                 ; -                  ; n/a           ; n/a             ; n/a         ;
; ~ALTERA_TDO~ ; 2.5 V        ; 0 in              ; 0 H/in                  ; 0 F/in                  ; short         ; -                   ; open           ; open             ; open   ; 0 in             ; 0 H/in                 ; 0 F/in                 ; short        ; open          ; open            ; open  ; 0 V                 ; -                  ; n/a           ; n/a             ; n/a         ;
+--------------+--------------+-------------------+-------------------------+-------------------------+---------------+---------------------+----------------+------------------+--------+------------------+------------------------+------------------------+--------------+---------------+-----------------+-------+---------------------+--------------------+---------------+-----------------+-------------+


+---------------------------------------------------------------------------------+
; Input Transition Times                                                          ;
+---------------------+-----------------------+-----------------+-----------------+
; Pin                 ; I/O Standard          ; 10-90 Rise Time ; 90-10 Fall Time ;
+---------------------+-----------------------+-----------------+-----------------+
; RESET_L             ; 2.5 V                 ; 2000 ps         ; 2000 ps         ;
; C_IN                ; 2.5 V                 ; 2000 ps         ; 2000 ps         ;
; T_L                 ; 2.5 V                 ; 2000 ps         ; 2000 ps         ;
; MEMCLK              ; 2.5 V                 ; 2000 ps         ; 2000 ps         ;
; ~ALTERA_TMS~        ; 2.5 V Schmitt Trigger ; 2000 ps         ; 2000 ps         ;
; ~ALTERA_TCK~        ; 2.5 V Schmitt Trigger ; 2000 ps         ; 2000 ps         ;
; ~ALTERA_TDI~        ; 2.5 V Schmitt Trigger ; 2000 ps         ; 2000 ps         ;
; ~ALTERA_CONFIG_SEL~ ; 2.5 V                 ; 2000 ps         ; 2000 ps         ;
; ~ALTERA_nCONFIG~    ; 2.5 V Schmitt Trigger ; 2000 ps         ; 2000 ps         ;
; ~ALTERA_nSTATUS~    ; 2.5 V Schmitt Trigger ; 2000 ps         ; 2000 ps         ;
; ~ALTERA_CONF_DONE~  ; 2.5 V Schmitt Trigger ; 2000 ps         ; 2000 ps         ;
+---------------------+-----------------------+-----------------+-----------------+


+-------------------------------------------------------------------------------------------------------------------------------------------------------------------------------------------------------------------------------------------------------------------------------------------------------------------------------------------------------------------------------------------------------------------------------------------------------------------------------------------------------------------------------------------------------------------------------------------------------------------------------------------------------------------------------------------+
; Signal Integrity Metrics (Slow 1200mv 0c Model)                                                                                                                                                                                                                                                                                                                                                                                                                                                                                                                                                                                                                                           ;
+--------------+--------------+---------------------+---------------------+------------------------------+------------------------------+---------------------+---------------------+--------------------------------------+--------------------------------------+-----------------------------+-----------------------------+----------------------------+----------------------------+-----------------------------+-----------------------------+--------------------+--------------------+-------------------------------------+-------------------------------------+----------------------------+----------------------------+---------------------------+---------------------------+
; Pin          ; I/O Standard ; Board Delay on Rise ; Board Delay on Fall ; Steady State Voh at FPGA Pin ; Steady State Vol at FPGA Pin ; Voh Max at FPGA Pin ; Vol Min at FPGA Pin ; Ringback Voltage on Rise at FPGA Pin ; Ringback Voltage on Fall at FPGA Pin ; 10-90 Rise Time at FPGA Pin ; 90-10 Fall Time at FPGA Pin ; Monotonic Rise at FPGA Pin ; Monotonic Fall at FPGA Pin ; Steady State Voh at Far-end ; Steady State Vol at Far-end ; Voh Max at Far-end ; Vol Min at Far-end ; Ringback Voltage on Rise at Far-end ; Ringback Voltage on Fall at Far-end ; 10-90 Rise Time at Far-end ; 90-10 Fall Time at Far-end ; Monotonic Rise at Far-end ; Monotonic Fall at Far-end ;
+--------------+--------------+---------------------+---------------------+------------------------------+------------------------------+---------------------+---------------------+--------------------------------------+--------------------------------------+-----------------------------+-----------------------------+----------------------------+----------------------------+-----------------------------+-----------------------------+--------------------+--------------------+-------------------------------------+-------------------------------------+----------------------------+----------------------------+---------------------------+---------------------------+
; RCO          ; 2.5 V        ; 0 s                 ; 0 s                 ; 2.32 V                       ; 1.17e-08 V                   ; 2.42 V              ; -0.0607 V           ; 0.271 V                              ; 0.095 V                              ; 2.93e-10 s                  ; 3.92e-10 s                  ; No                         ; Yes                        ; 2.32 V                      ; 1.17e-08 V                  ; 2.42 V             ; -0.0607 V          ; 0.271 V                             ; 0.095 V                             ; 2.93e-10 s                 ; 3.92e-10 s                 ; No                        ; Yes                       ;
; PC_INC       ; 2.5 V        ; 0 s                 ; 0 s                 ; 2.32 V                       ; 1.17e-08 V                   ; 2.42 V              ; -0.0607 V           ; 0.271 V                              ; 0.095 V                              ; 2.93e-10 s                  ; 3.92e-10 s                  ; No                         ; Yes                        ; 2.32 V                      ; 1.17e-08 V                  ; 2.42 V             ; -0.0607 V          ; 0.271 V                             ; 0.095 V                             ; 2.93e-10 s                 ; 3.92e-10 s                 ; No                        ; Yes                       ;
; IR[2]        ; 2.5 V        ; 0 s                 ; 0 s                 ; 2.32 V                       ; 1.17e-08 V                   ; 2.42 V              ; -0.0607 V           ; 0.271 V                              ; 0.095 V                              ; 2.93e-10 s                  ; 3.92e-10 s                  ; No                         ; Yes                        ; 2.32 V                      ; 1.17e-08 V                  ; 2.42 V             ; -0.0607 V          ; 0.271 V                             ; 0.095 V                             ; 2.93e-10 s                 ; 3.92e-10 s                 ; No                        ; Yes                       ;
; IR[1]        ; 2.5 V        ; 0 s                 ; 0 s                 ; 2.32 V                       ; 1.17e-08 V                   ; 2.42 V              ; -0.0607 V           ; 0.271 V                              ; 0.095 V                              ; 2.93e-10 s                  ; 3.92e-10 s                  ; No                         ; Yes                        ; 2.32 V                      ; 1.17e-08 V                  ; 2.42 V             ; -0.0607 V          ; 0.271 V                             ; 0.095 V                             ; 2.93e-10 s                 ; 3.92e-10 s                 ; No                        ; Yes                       ;
; IR[0]        ; 2.5 V        ; 0 s                 ; 0 s                 ; 2.32 V                       ; 1.17e-08 V                   ; 2.42 V              ; -0.0619 V           ; 0.272 V                              ; 0.096 V                              ; 2.93e-10 s                  ; 3.92e-10 s                  ; No                         ; Yes                        ; 2.32 V                      ; 1.17e-08 V                  ; 2.42 V             ; -0.0619 V          ; 0.272 V                             ; 0.096 V                             ; 2.93e-10 s                 ; 3.92e-10 s                 ; No                        ; Yes                       ;
; IR_LD        ; 2.5 V        ; 0 s                 ; 0 s                 ; 2.32 V                       ; 1.17e-08 V                   ; 2.42 V              ; -0.0607 V           ; 0.271 V                              ; 0.095 V                              ; 2.93e-10 s                  ; 3.92e-10 s                  ; No                         ; Yes                        ; 2.32 V                      ; 1.17e-08 V                  ; 2.42 V             ; -0.0607 V          ; 0.271 V                             ; 0.095 V                             ; 2.93e-10 s                 ; 3.92e-10 s                 ; No                        ; Yes                       ;
; INPUT[7]     ; 2.5 V        ; 0 s                 ; 0 s                 ; 2.32 V                       ; 1.17e-08 V                   ; 2.42 V              ; -0.0607 V           ; 0.271 V                              ; 0.095 V                              ; 2.93e-10 s                  ; 3.92e-10 s                  ; No                         ; Yes                        ; 2.32 V                      ; 1.17e-08 V                  ; 2.42 V             ; -0.0607 V          ; 0.271 V                             ; 0.095 V                             ; 2.93e-10 s                 ; 3.92e-10 s                 ; No                        ; Yes                       ;
; INPUT[6]     ; 2.5 V        ; 0 s                 ; 0 s                 ; 2.32 V                       ; 1.17e-08 V                   ; 2.42 V              ; -0.0607 V           ; 0.271 V                              ; 0.095 V                              ; 2.93e-10 s                  ; 3.92e-10 s                  ; No                         ; Yes                        ; 2.32 V                      ; 1.17e-08 V                  ; 2.42 V             ; -0.0607 V          ; 0.271 V                             ; 0.095 V                             ; 2.93e-10 s                 ; 3.92e-10 s                 ; No                        ; Yes                       ;
; INPUT[5]     ; 2.5 V        ; 0 s                 ; 0 s                 ; 2.32 V                       ; 1.17e-08 V                   ; 2.42 V              ; -0.0619 V           ; 0.272 V                              ; 0.096 V                              ; 2.93e-10 s                  ; 3.92e-10 s                  ; No                         ; Yes                        ; 2.32 V                      ; 1.17e-08 V                  ; 2.42 V             ; -0.0619 V          ; 0.272 V                             ; 0.096 V                             ; 2.93e-10 s                 ; 3.92e-10 s                 ; No                        ; Yes                       ;
; INPUT[4]     ; 2.5 V        ; 0 s                 ; 0 s                 ; 2.32 V                       ; 1.17e-08 V                   ; 2.42 V              ; -0.0619 V           ; 0.272 V                              ; 0.096 V                              ; 2.93e-10 s                  ; 3.92e-10 s                  ; No                         ; Yes                        ; 2.32 V                      ; 1.17e-08 V                  ; 2.42 V             ; -0.0619 V          ; 0.272 V                             ; 0.096 V                             ; 2.93e-10 s                 ; 3.92e-10 s                 ; No                        ; Yes                       ;
; INPUT[3]     ; 2.5 V        ; 0 s                 ; 0 s                 ; 2.32 V                       ; 1.17e-08 V                   ; 2.42 V              ; -0.0607 V           ; 0.271 V                              ; 0.095 V                              ; 2.93e-10 s                  ; 3.92e-10 s                  ; No                         ; Yes                        ; 2.32 V                      ; 1.17e-08 V                  ; 2.42 V             ; -0.0607 V          ; 0.271 V                             ; 0.095 V                             ; 2.93e-10 s                 ; 3.92e-10 s                 ; No                        ; Yes                       ;
; INPUT[2]     ; 2.5 V        ; 0 s                 ; 0 s                 ; 2.32 V                       ; 1.17e-08 V                   ; 2.42 V              ; -0.0619 V           ; 0.272 V                              ; 0.096 V                              ; 2.93e-10 s                  ; 3.92e-10 s                  ; No                         ; Yes                        ; 2.32 V                      ; 1.17e-08 V                  ; 2.42 V             ; -0.0619 V          ; 0.272 V                             ; 0.096 V                             ; 2.93e-10 s                 ; 3.92e-10 s                 ; No                        ; Yes                       ;
; INPUT[1]     ; 2.5 V        ; 0 s                 ; 0 s                 ; 2.32 V                       ; 1.17e-08 V                   ; 2.42 V              ; -0.0619 V           ; 0.272 V                              ; 0.096 V                              ; 2.93e-10 s                  ; 3.92e-10 s                  ; No                         ; Yes                        ; 2.32 V                      ; 1.17e-08 V                  ; 2.42 V             ; -0.0619 V          ; 0.272 V                             ; 0.096 V                             ; 2.93e-10 s                 ; 3.92e-10 s                 ; No                        ; Yes                       ;
; INPUT[0]     ; 2.5 V        ; 0 s                 ; 0 s                 ; 2.32 V                       ; 1.17e-08 V                   ; 2.42 V              ; -0.0607 V           ; 0.271 V                              ; 0.095 V                              ; 2.93e-10 s                  ; 3.92e-10 s                  ; No                         ; Yes                        ; 2.32 V                      ; 1.17e-08 V                  ; 2.42 V             ; -0.0607 V          ; 0.271 V                             ; 0.095 V                             ; 2.93e-10 s                 ; 3.92e-10 s                 ; No                        ; Yes                       ;
; A[14]        ; 2.5 V        ; 0 s                 ; 0 s                 ; 2.32 V                       ; 1.17e-08 V                   ; 2.42 V              ; -0.0619 V           ; 0.272 V                              ; 0.096 V                              ; 2.93e-10 s                  ; 3.92e-10 s                  ; No                         ; Yes                        ; 2.32 V                      ; 1.17e-08 V                  ; 2.42 V             ; -0.0619 V          ; 0.272 V                             ; 0.096 V                             ; 2.93e-10 s                 ; 3.92e-10 s                 ; No                        ; Yes                       ;
; A[13]        ; 2.5 V        ; 0 s                 ; 0 s                 ; 2.32 V                       ; 1.17e-08 V                   ; 2.42 V              ; -0.0619 V           ; 0.272 V                              ; 0.096 V                              ; 2.93e-10 s                  ; 3.92e-10 s                  ; No                         ; Yes                        ; 2.32 V                      ; 1.17e-08 V                  ; 2.42 V             ; -0.0619 V          ; 0.272 V                             ; 0.096 V                             ; 2.93e-10 s                 ; 3.92e-10 s                 ; No                        ; Yes                       ;
; A[12]        ; 2.5 V        ; 0 s                 ; 0 s                 ; 2.32 V                       ; 1.17e-08 V                   ; 2.42 V              ; -0.0619 V           ; 0.272 V                              ; 0.096 V                              ; 2.93e-10 s                  ; 3.92e-10 s                  ; No                         ; Yes                        ; 2.32 V                      ; 1.17e-08 V                  ; 2.42 V             ; -0.0619 V          ; 0.272 V                             ; 0.096 V                             ; 2.93e-10 s                 ; 3.92e-10 s                 ; No                        ; Yes                       ;
; A[11]        ; 2.5 V        ; 0 s                 ; 0 s                 ; 2.32 V                       ; 1.17e-08 V                   ; 2.42 V              ; -0.0607 V           ; 0.271 V                              ; 0.095 V                              ; 2.93e-10 s                  ; 3.92e-10 s                  ; No                         ; Yes                        ; 2.32 V                      ; 1.17e-08 V                  ; 2.42 V             ; -0.0607 V          ; 0.271 V                             ; 0.095 V                             ; 2.93e-10 s                 ; 3.92e-10 s                 ; No                        ; Yes                       ;
; A[10]        ; 2.5 V        ; 0 s                 ; 0 s                 ; 2.32 V                       ; 1.17e-08 V                   ; 2.41 V              ; -0.055 V            ; 0.153 V                              ; 0.113 V                              ; 4.49e-10 s                  ; 4.13e-10 s                  ; No                         ; Yes                        ; 2.32 V                      ; 1.17e-08 V                  ; 2.41 V             ; -0.055 V           ; 0.153 V                             ; 0.113 V                             ; 4.49e-10 s                 ; 4.13e-10 s                 ; No                        ; Yes                       ;
; A[9]         ; 2.5 V        ; 0 s                 ; 0 s                 ; 2.32 V                       ; 1.17e-08 V                   ; 2.42 V              ; -0.0619 V           ; 0.272 V                              ; 0.096 V                              ; 2.93e-10 s                  ; 3.92e-10 s                  ; No                         ; Yes                        ; 2.32 V                      ; 1.17e-08 V                  ; 2.42 V             ; -0.0619 V          ; 0.272 V                             ; 0.096 V                             ; 2.93e-10 s                 ; 3.92e-10 s                 ; No                        ; Yes                       ;
; A[8]         ; 2.5 V        ; 0 s                 ; 0 s                 ; 2.32 V                       ; 1.17e-08 V                   ; 2.42 V              ; -0.0607 V           ; 0.271 V                              ; 0.095 V                              ; 2.93e-10 s                  ; 3.92e-10 s                  ; No                         ; Yes                        ; 2.32 V                      ; 1.17e-08 V                  ; 2.42 V             ; -0.0607 V          ; 0.271 V                             ; 0.095 V                             ; 2.93e-10 s                 ; 3.92e-10 s                 ; No                        ; Yes                       ;
; A[7]         ; 2.5 V        ; 0 s                 ; 0 s                 ; 2.32 V                       ; 1.17e-08 V                   ; 2.42 V              ; -0.0619 V           ; 0.272 V                              ; 0.096 V                              ; 2.93e-10 s                  ; 3.92e-10 s                  ; No                         ; Yes                        ; 2.32 V                      ; 1.17e-08 V                  ; 2.42 V             ; -0.0619 V          ; 0.272 V                             ; 0.096 V                             ; 2.93e-10 s                 ; 3.92e-10 s                 ; No                        ; Yes                       ;
; A[6]         ; 2.5 V        ; 0 s                 ; 0 s                 ; 2.32 V                       ; 1.17e-08 V                   ; 2.42 V              ; -0.0607 V           ; 0.271 V                              ; 0.095 V                              ; 2.93e-10 s                  ; 3.92e-10 s                  ; No                         ; Yes                        ; 2.32 V                      ; 1.17e-08 V                  ; 2.42 V             ; -0.0607 V          ; 0.271 V                             ; 0.095 V                             ; 2.93e-10 s                 ; 3.92e-10 s                 ; No                        ; Yes                       ;
; A[5]         ; 2.5 V        ; 0 s                 ; 0 s                 ; 2.32 V                       ; 1.17e-08 V                   ; 2.42 V              ; -0.0607 V           ; 0.271 V                              ; 0.095 V                              ; 2.93e-10 s                  ; 3.92e-10 s                  ; No                         ; Yes                        ; 2.32 V                      ; 1.17e-08 V                  ; 2.42 V             ; -0.0607 V          ; 0.271 V                             ; 0.095 V                             ; 2.93e-10 s                 ; 3.92e-10 s                 ; No                        ; Yes                       ;
; A[4]         ; 2.5 V        ; 0 s                 ; 0 s                 ; 2.32 V                       ; 1.17e-08 V                   ; 2.41 V              ; -0.055 V            ; 0.153 V                              ; 0.113 V                              ; 4.49e-10 s                  ; 4.13e-10 s                  ; No                         ; Yes                        ; 2.32 V                      ; 1.17e-08 V                  ; 2.41 V             ; -0.055 V           ; 0.153 V                             ; 0.113 V                             ; 4.49e-10 s                 ; 4.13e-10 s                 ; No                        ; Yes                       ;
; A[3]         ; 2.5 V        ; 0 s                 ; 0 s                 ; 2.32 V                       ; 1.17e-08 V                   ; 2.41 V              ; -0.055 V            ; 0.153 V                              ; 0.113 V                              ; 4.49e-10 s                  ; 4.13e-10 s                  ; No                         ; Yes                        ; 2.32 V                      ; 1.17e-08 V                  ; 2.41 V             ; -0.055 V           ; 0.153 V                             ; 0.113 V                             ; 4.49e-10 s                 ; 4.13e-10 s                 ; No                        ; Yes                       ;
; A[2]         ; 2.5 V        ; 0 s                 ; 0 s                 ; 2.32 V                       ; 1.17e-08 V                   ; 2.42 V              ; -0.0619 V           ; 0.272 V                              ; 0.096 V                              ; 2.93e-10 s                  ; 3.92e-10 s                  ; No                         ; Yes                        ; 2.32 V                      ; 1.17e-08 V                  ; 2.42 V             ; -0.0619 V          ; 0.272 V                             ; 0.096 V                             ; 2.93e-10 s                 ; 3.92e-10 s                 ; No                        ; Yes                       ;
; A[1]         ; 2.5 V        ; 0 s                 ; 0 s                 ; 2.32 V                       ; 1.17e-08 V                   ; 2.42 V              ; -0.0619 V           ; 0.272 V                              ; 0.096 V                              ; 2.93e-10 s                  ; 3.92e-10 s                  ; No                         ; Yes                        ; 2.32 V                      ; 1.17e-08 V                  ; 2.42 V             ; -0.0619 V          ; 0.272 V                             ; 0.096 V                             ; 2.93e-10 s                 ; 3.92e-10 s                 ; No                        ; Yes                       ;
; A[0]         ; 2.5 V        ; 0 s                 ; 0 s                 ; 2.32 V                       ; 1.17e-08 V                   ; 2.42 V              ; -0.0619 V           ; 0.272 V                              ; 0.096 V                              ; 2.93e-10 s                  ; 3.92e-10 s                  ; No                         ; Yes                        ; 2.32 V                      ; 1.17e-08 V                  ; 2.42 V             ; -0.0619 V          ; 0.272 V                             ; 0.096 V                             ; 2.93e-10 s                 ; 3.92e-10 s                 ; No                        ; Yes                       ;
; PC_LD        ; 2.5 V        ; 0 s                 ; 0 s                 ; 2.32 V                       ; 1.17e-08 V                   ; 2.42 V              ; -0.0619 V           ; 0.272 V                              ; 0.096 V                              ; 2.93e-10 s                  ; 3.92e-10 s                  ; No                         ; Yes                        ; 2.32 V                      ; 1.17e-08 V                  ; 2.42 V             ; -0.0619 V          ; 0.272 V                             ; 0.096 V                             ; 2.93e-10 s                 ; 3.92e-10 s                 ; No                        ; Yes                       ;
; C_OUT        ; 2.5 V        ; 0 s                 ; 0 s                 ; 2.32 V                       ; 1.17e-08 V                   ; 2.41 V              ; -0.055 V            ; 0.154 V                              ; 0.113 V                              ; 4.49e-10 s                  ; 4.14e-10 s                  ; No                         ; Yes                        ; 2.32 V                      ; 1.17e-08 V                  ; 2.41 V             ; -0.055 V           ; 0.154 V                             ; 0.113 V                             ; 4.49e-10 s                 ; 4.14e-10 s                 ; No                        ; Yes                       ;
; MSA[1]       ; 2.5 V        ; 0 s                 ; 0 s                 ; 2.32 V                       ; 1.17e-08 V                   ; 2.42 V              ; -0.0607 V           ; 0.271 V                              ; 0.095 V                              ; 2.93e-10 s                  ; 3.92e-10 s                  ; No                         ; Yes                        ; 2.32 V                      ; 1.17e-08 V                  ; 2.42 V             ; -0.0607 V          ; 0.271 V                             ; 0.095 V                             ; 2.93e-10 s                 ; 3.92e-10 s                 ; No                        ; Yes                       ;
; MSA[0]       ; 2.5 V        ; 0 s                 ; 0 s                 ; 2.32 V                       ; 1.17e-08 V                   ; 2.42 V              ; -0.0619 V           ; 0.272 V                              ; 0.096 V                              ; 2.93e-10 s                  ; 3.92e-10 s                  ; No                         ; Yes                        ; 2.32 V                      ; 1.17e-08 V                  ; 2.42 V             ; -0.0619 V          ; 0.272 V                             ; 0.096 V                             ; 2.93e-10 s                 ; 3.92e-10 s                 ; No                        ; Yes                       ;
; MSB[1]       ; 2.5 V        ; 0 s                 ; 0 s                 ; 2.32 V                       ; 1.17e-08 V                   ; 2.42 V              ; -0.0619 V           ; 0.272 V                              ; 0.096 V                              ; 2.93e-10 s                  ; 3.92e-10 s                  ; No                         ; Yes                        ; 2.32 V                      ; 1.17e-08 V                  ; 2.42 V             ; -0.0619 V          ; 0.272 V                             ; 0.096 V                             ; 2.93e-10 s                 ; 3.92e-10 s                 ; No                        ; Yes                       ;
; MSB[0]       ; 2.5 V        ; 0 s                 ; 0 s                 ; 2.32 V                       ; 1.17e-08 V                   ; 2.42 V              ; -0.0619 V           ; 0.272 V                              ; 0.096 V                              ; 2.93e-10 s                  ; 3.92e-10 s                  ; No                         ; Yes                        ; 2.32 V                      ; 1.17e-08 V                  ; 2.42 V             ; -0.0619 V          ; 0.272 V                             ; 0.096 V                             ; 2.93e-10 s                 ; 3.92e-10 s                 ; No                        ; Yes                       ;
; MSC[2]       ; 2.5 V        ; 0 s                 ; 0 s                 ; 2.32 V                       ; 1.17e-08 V                   ; 2.42 V              ; -0.0607 V           ; 0.271 V                              ; 0.095 V                              ; 2.93e-10 s                  ; 3.92e-10 s                  ; No                         ; Yes                        ; 2.32 V                      ; 1.17e-08 V                  ; 2.42 V             ; -0.0607 V          ; 0.271 V                             ; 0.095 V                             ; 2.93e-10 s                 ; 3.92e-10 s                 ; No                        ; Yes                       ;
; MSC[1]       ; 2.5 V        ; 0 s                 ; 0 s                 ; 2.32 V                       ; 1.17e-08 V                   ; 2.42 V              ; -0.0607 V           ; 0.271 V                              ; 0.095 V                              ; 2.93e-10 s                  ; 3.92e-10 s                  ; No                         ; Yes                        ; 2.32 V                      ; 1.17e-08 V                  ; 2.42 V             ; -0.0607 V          ; 0.271 V                             ; 0.095 V                             ; 2.93e-10 s                 ; 3.92e-10 s                 ; No                        ; Yes                       ;
; MSC[0]       ; 2.5 V        ; 0 s                 ; 0 s                 ; 2.32 V                       ; 1.17e-08 V                   ; 2.42 V              ; -0.0607 V           ; 0.271 V                              ; 0.095 V                              ; 2.93e-10 s                  ; 3.92e-10 s                  ; No                         ; Yes                        ; 2.32 V                      ; 1.17e-08 V                  ; 2.42 V             ; -0.0607 V          ; 0.271 V                             ; 0.095 V                             ; 2.93e-10 s                 ; 3.92e-10 s                 ; No                        ; Yes                       ;
; AA_L         ; 2.5 V        ; 0 s                 ; 0 s                 ; 2.32 V                       ; 1.17e-08 V                   ; 2.42 V              ; -0.0607 V           ; 0.271 V                              ; 0.095 V                              ; 2.93e-10 s                  ; 3.92e-10 s                  ; No                         ; Yes                        ; 2.32 V                      ; 1.17e-08 V                  ; 2.42 V             ; -0.0607 V          ; 0.271 V                             ; 0.095 V                             ; 2.93e-10 s                 ; 3.92e-10 s                 ; No                        ; Yes                       ;
; REGA[3]      ; 2.5 V        ; 0 s                 ; 0 s                 ; 2.32 V                       ; 1.17e-08 V                   ; 2.42 V              ; -0.0607 V           ; 0.271 V                              ; 0.095 V                              ; 2.93e-10 s                  ; 3.92e-10 s                  ; No                         ; Yes                        ; 2.32 V                      ; 1.17e-08 V                  ; 2.42 V             ; -0.0607 V          ; 0.271 V                             ; 0.095 V                             ; 2.93e-10 s                 ; 3.92e-10 s                 ; No                        ; Yes                       ;
; REGA[2]      ; 2.5 V        ; 0 s                 ; 0 s                 ; 2.32 V                       ; 1.17e-08 V                   ; 2.42 V              ; -0.0619 V           ; 0.272 V                              ; 0.096 V                              ; 2.93e-10 s                  ; 3.92e-10 s                  ; No                         ; Yes                        ; 2.32 V                      ; 1.17e-08 V                  ; 2.42 V             ; -0.0619 V          ; 0.272 V                             ; 0.096 V                             ; 2.93e-10 s                 ; 3.92e-10 s                 ; No                        ; Yes                       ;
; REGA[1]      ; 2.5 V        ; 0 s                 ; 0 s                 ; 2.32 V                       ; 1.17e-08 V                   ; 2.42 V              ; -0.0619 V           ; 0.272 V                              ; 0.096 V                              ; 2.93e-10 s                  ; 3.92e-10 s                  ; No                         ; Yes                        ; 2.32 V                      ; 1.17e-08 V                  ; 2.42 V             ; -0.0619 V          ; 0.272 V                             ; 0.096 V                             ; 2.93e-10 s                 ; 3.92e-10 s                 ; No                        ; Yes                       ;
; REGA[0]      ; 2.5 V        ; 0 s                 ; 0 s                 ; 2.32 V                       ; 1.17e-08 V                   ; 2.42 V              ; -0.0619 V           ; 0.272 V                              ; 0.096 V                              ; 2.93e-10 s                  ; 3.92e-10 s                  ; No                         ; Yes                        ; 2.32 V                      ; 1.17e-08 V                  ; 2.42 V             ; -0.0619 V          ; 0.272 V                             ; 0.096 V                             ; 2.93e-10 s                 ; 3.92e-10 s                 ; No                        ; Yes                       ;
; AB_L         ; 2.5 V        ; 0 s                 ; 0 s                 ; 2.32 V                       ; 1.17e-08 V                   ; 2.42 V              ; -0.0619 V           ; 0.272 V                              ; 0.096 V                              ; 2.93e-10 s                  ; 3.92e-10 s                  ; No                         ; Yes                        ; 2.32 V                      ; 1.17e-08 V                  ; 2.42 V             ; -0.0619 V          ; 0.272 V                             ; 0.096 V                             ; 2.93e-10 s                 ; 3.92e-10 s                 ; No                        ; Yes                       ;
; AC_L         ; 2.5 V        ; 0 s                 ; 0 s                 ; 2.32 V                       ; 1.17e-08 V                   ; 2.42 V              ; -0.0619 V           ; 0.272 V                              ; 0.096 V                              ; 2.93e-10 s                  ; 3.92e-10 s                  ; No                         ; Yes                        ; 2.32 V                      ; 1.17e-08 V                  ; 2.42 V             ; -0.0619 V          ; 0.272 V                             ; 0.096 V                             ; 2.93e-10 s                 ; 3.92e-10 s                 ; No                        ; Yes                       ;
; AD_L         ; 2.5 V        ; 0 s                 ; 0 s                 ; 2.32 V                       ; 1.17e-08 V                   ; 2.42 V              ; -0.0607 V           ; 0.271 V                              ; 0.095 V                              ; 2.93e-10 s                  ; 3.92e-10 s                  ; No                         ; Yes                        ; 2.32 V                      ; 1.17e-08 V                  ; 2.42 V             ; -0.0607 V          ; 0.271 V                             ; 0.095 V                             ; 2.93e-10 s                 ; 3.92e-10 s                 ; No                        ; Yes                       ;
; AE_L         ; 2.5 V        ; 0 s                 ; 0 s                 ; 2.32 V                       ; 1.17e-08 V                   ; 2.42 V              ; -0.0607 V           ; 0.271 V                              ; 0.095 V                              ; 2.93e-10 s                  ; 3.92e-10 s                  ; No                         ; Yes                        ; 2.32 V                      ; 1.17e-08 V                  ; 2.42 V             ; -0.0607 V          ; 0.271 V                             ; 0.095 V                             ; 2.93e-10 s                 ; 3.92e-10 s                 ; No                        ; Yes                       ;
; AF_L         ; 2.5 V        ; 0 s                 ; 0 s                 ; 2.32 V                       ; 1.17e-08 V                   ; 2.42 V              ; -0.0607 V           ; 0.271 V                              ; 0.095 V                              ; 2.93e-10 s                  ; 3.92e-10 s                  ; No                         ; Yes                        ; 2.32 V                      ; 1.17e-08 V                  ; 2.42 V             ; -0.0607 V          ; 0.271 V                             ; 0.095 V                             ; 2.93e-10 s                 ; 3.92e-10 s                 ; No                        ; Yes                       ;
; AG_L         ; 2.5 V        ; 0 s                 ; 0 s                 ; 2.32 V                       ; 1.17e-08 V                   ; 2.42 V              ; -0.0619 V           ; 0.272 V                              ; 0.096 V                              ; 2.93e-10 s                  ; 3.92e-10 s                  ; No                         ; Yes                        ; 2.32 V                      ; 1.17e-08 V                  ; 2.42 V             ; -0.0619 V          ; 0.272 V                             ; 0.096 V                             ; 2.93e-10 s                 ; 3.92e-10 s                 ; No                        ; Yes                       ;
; BA_L         ; 2.5 V        ; 0 s                 ; 0 s                 ; 2.32 V                       ; 1.17e-08 V                   ; 2.42 V              ; -0.0607 V           ; 0.271 V                              ; 0.095 V                              ; 2.93e-10 s                  ; 3.92e-10 s                  ; No                         ; Yes                        ; 2.32 V                      ; 1.17e-08 V                  ; 2.42 V             ; -0.0607 V          ; 0.271 V                             ; 0.095 V                             ; 2.93e-10 s                 ; 3.92e-10 s                 ; No                        ; Yes                       ;
; REGB[3]      ; 2.5 V        ; 0 s                 ; 0 s                 ; 2.32 V                       ; 1.17e-08 V                   ; 2.42 V              ; -0.0607 V           ; 0.271 V                              ; 0.095 V                              ; 2.93e-10 s                  ; 3.92e-10 s                  ; No                         ; Yes                        ; 2.32 V                      ; 1.17e-08 V                  ; 2.42 V             ; -0.0607 V          ; 0.271 V                             ; 0.095 V                             ; 2.93e-10 s                 ; 3.92e-10 s                 ; No                        ; Yes                       ;
; REGB[2]      ; 2.5 V        ; 0 s                 ; 0 s                 ; 2.32 V                       ; 1.17e-08 V                   ; 2.42 V              ; -0.0619 V           ; 0.272 V                              ; 0.096 V                              ; 2.93e-10 s                  ; 3.92e-10 s                  ; No                         ; Yes                        ; 2.32 V                      ; 1.17e-08 V                  ; 2.42 V             ; -0.0619 V          ; 0.272 V                             ; 0.096 V                             ; 2.93e-10 s                 ; 3.92e-10 s                 ; No                        ; Yes                       ;
; REGB[1]      ; 2.5 V        ; 0 s                 ; 0 s                 ; 2.32 V                       ; 1.17e-08 V                   ; 2.42 V              ; -0.0619 V           ; 0.272 V                              ; 0.096 V                              ; 2.93e-10 s                  ; 3.92e-10 s                  ; No                         ; Yes                        ; 2.32 V                      ; 1.17e-08 V                  ; 2.42 V             ; -0.0619 V          ; 0.272 V                             ; 0.096 V                             ; 2.93e-10 s                 ; 3.92e-10 s                 ; No                        ; Yes                       ;
; REGB[0]      ; 2.5 V        ; 0 s                 ; 0 s                 ; 2.32 V                       ; 1.17e-08 V                   ; 2.42 V              ; -0.0619 V           ; 0.272 V                              ; 0.096 V                              ; 2.93e-10 s                  ; 3.92e-10 s                  ; No                         ; Yes                        ; 2.32 V                      ; 1.17e-08 V                  ; 2.42 V             ; -0.0619 V          ; 0.272 V                             ; 0.096 V                             ; 2.93e-10 s                 ; 3.92e-10 s                 ; No                        ; Yes                       ;
; BB_L         ; 2.5 V        ; 0 s                 ; 0 s                 ; 2.32 V                       ; 1.17e-08 V                   ; 2.42 V              ; -0.0607 V           ; 0.271 V                              ; 0.095 V                              ; 2.93e-10 s                  ; 3.92e-10 s                  ; No                         ; Yes                        ; 2.32 V                      ; 1.17e-08 V                  ; 2.42 V             ; -0.0607 V          ; 0.271 V                             ; 0.095 V                             ; 2.93e-10 s                 ; 3.92e-10 s                 ; No                        ; Yes                       ;
; BC_L         ; 2.5 V        ; 0 s                 ; 0 s                 ; 2.32 V                       ; 1.17e-08 V                   ; 2.42 V              ; -0.0619 V           ; 0.272 V                              ; 0.096 V                              ; 2.93e-10 s                  ; 3.92e-10 s                  ; No                         ; Yes                        ; 2.32 V                      ; 1.17e-08 V                  ; 2.42 V             ; -0.0619 V          ; 0.272 V                             ; 0.096 V                             ; 2.93e-10 s                 ; 3.92e-10 s                 ; No                        ; Yes                       ;
; BD_L         ; 2.5 V        ; 0 s                 ; 0 s                 ; 2.32 V                       ; 1.17e-08 V                   ; 2.42 V              ; -0.0607 V           ; 0.271 V                              ; 0.095 V                              ; 2.93e-10 s                  ; 3.92e-10 s                  ; No                         ; Yes                        ; 2.32 V                      ; 1.17e-08 V                  ; 2.42 V             ; -0.0607 V          ; 0.271 V                             ; 0.095 V                             ; 2.93e-10 s                 ; 3.92e-10 s                 ; No                        ; Yes                       ;
; BE_L         ; 2.5 V        ; 0 s                 ; 0 s                 ; 2.32 V                       ; 1.17e-08 V                   ; 2.42 V              ; -0.0619 V           ; 0.272 V                              ; 0.096 V                              ; 2.93e-10 s                  ; 3.92e-10 s                  ; No                         ; Yes                        ; 2.32 V                      ; 1.17e-08 V                  ; 2.42 V             ; -0.0619 V          ; 0.272 V                             ; 0.096 V                             ; 2.93e-10 s                 ; 3.92e-10 s                 ; No                        ; Yes                       ;
; BF_L         ; 2.5 V        ; 0 s                 ; 0 s                 ; 2.32 V                       ; 1.17e-08 V                   ; 2.42 V              ; -0.0607 V           ; 0.271 V                              ; 0.095 V                              ; 2.93e-10 s                  ; 3.92e-10 s                  ; No                         ; Yes                        ; 2.32 V                      ; 1.17e-08 V                  ; 2.42 V             ; -0.0607 V          ; 0.271 V                             ; 0.095 V                             ; 2.93e-10 s                 ; 3.92e-10 s                 ; No                        ; Yes                       ;
; BG_L         ; 2.5 V        ; 0 s                 ; 0 s                 ; 2.32 V                       ; 1.17e-08 V                   ; 2.42 V              ; -0.0619 V           ; 0.272 V                              ; 0.096 V                              ; 2.93e-10 s                  ; 3.92e-10 s                  ; No                         ; Yes                        ; 2.32 V                      ; 1.17e-08 V                  ; 2.42 V             ; -0.0619 V          ; 0.272 V                             ; 0.096 V                             ; 2.93e-10 s                 ; 3.92e-10 s                 ; No                        ; Yes                       ;
; OUTPUT[3]    ; 2.5 V        ; 0 s                 ; 0 s                 ; 2.32 V                       ; 1.17e-08 V                   ; 2.42 V              ; -0.0619 V           ; 0.272 V                              ; 0.096 V                              ; 2.93e-10 s                  ; 3.92e-10 s                  ; No                         ; Yes                        ; 2.32 V                      ; 1.17e-08 V                  ; 2.42 V             ; -0.0619 V          ; 0.272 V                             ; 0.096 V                             ; 2.93e-10 s                 ; 3.92e-10 s                 ; No                        ; Yes                       ;
; OUTPUT[2]    ; 2.5 V        ; 0 s                 ; 0 s                 ; 2.32 V                       ; 1.17e-08 V                   ; 2.42 V              ; -0.0607 V           ; 0.271 V                              ; 0.095 V                              ; 2.93e-10 s                  ; 3.92e-10 s                  ; No                         ; Yes                        ; 2.32 V                      ; 1.17e-08 V                  ; 2.42 V             ; -0.0607 V          ; 0.271 V                             ; 0.095 V                             ; 2.93e-10 s                 ; 3.92e-10 s                 ; No                        ; Yes                       ;
; OUTPUT[1]    ; 2.5 V        ; 0 s                 ; 0 s                 ; 2.32 V                       ; 1.17e-08 V                   ; 2.42 V              ; -0.0607 V           ; 0.271 V                              ; 0.095 V                              ; 2.93e-10 s                  ; 3.92e-10 s                  ; No                         ; Yes                        ; 2.32 V                      ; 1.17e-08 V                  ; 2.42 V             ; -0.0607 V          ; 0.271 V                             ; 0.095 V                             ; 2.93e-10 s                 ; 3.92e-10 s                 ; No                        ; Yes                       ;
; OUTPUT[0]    ; 2.5 V        ; 0 s                 ; 0 s                 ; 2.32 V                       ; 1.17e-08 V                   ; 2.33 V              ; -0.00606 V          ; 0.204 V                              ; 0.152 V                              ; 3.83e-09 s                  ; 3.51e-09 s                  ; No                         ; Yes                        ; 2.32 V                      ; 1.17e-08 V                  ; 2.33 V             ; -0.00606 V         ; 0.204 V                             ; 0.152 V                             ; 3.83e-09 s                 ; 3.51e-09 s                 ; No                        ; Yes                       ;
; PC[3]        ; 2.5 V        ; 0 s                 ; 0 s                 ; 2.32 V                       ; 1.17e-08 V                   ; 2.42 V              ; -0.0607 V           ; 0.271 V                              ; 0.095 V                              ; 2.93e-10 s                  ; 3.92e-10 s                  ; No                         ; Yes                        ; 2.32 V                      ; 1.17e-08 V                  ; 2.42 V             ; -0.0607 V          ; 0.271 V                             ; 0.095 V                             ; 2.93e-10 s                 ; 3.92e-10 s                 ; No                        ; Yes                       ;
; PC[2]        ; 2.5 V        ; 0 s                 ; 0 s                 ; 2.32 V                       ; 1.17e-08 V                   ; 2.42 V              ; -0.0619 V           ; 0.272 V                              ; 0.096 V                              ; 2.93e-10 s                  ; 3.92e-10 s                  ; No                         ; Yes                        ; 2.32 V                      ; 1.17e-08 V                  ; 2.42 V             ; -0.0619 V          ; 0.272 V                             ; 0.096 V                             ; 2.93e-10 s                 ; 3.92e-10 s                 ; No                        ; Yes                       ;
; PC[1]        ; 2.5 V        ; 0 s                 ; 0 s                 ; 2.32 V                       ; 1.17e-08 V                   ; 2.42 V              ; -0.0619 V           ; 0.272 V                              ; 0.096 V                              ; 2.93e-10 s                  ; 3.92e-10 s                  ; No                         ; Yes                        ; 2.32 V                      ; 1.17e-08 V                  ; 2.42 V             ; -0.0619 V          ; 0.272 V                             ; 0.096 V                             ; 2.93e-10 s                 ; 3.92e-10 s                 ; No                        ; Yes                       ;
; PC[0]        ; 2.5 V        ; 0 s                 ; 0 s                 ; 2.32 V                       ; 1.17e-08 V                   ; 2.42 V              ; -0.0607 V           ; 0.271 V                              ; 0.095 V                              ; 2.93e-10 s                  ; 3.92e-10 s                  ; No                         ; Yes                        ; 2.32 V                      ; 1.17e-08 V                  ; 2.42 V             ; -0.0607 V          ; 0.271 V                             ; 0.095 V                             ; 2.93e-10 s                 ; 3.92e-10 s                 ; No                        ; Yes                       ;
; Q[1]         ; 2.5 V        ; 0 s                 ; 0 s                 ; 2.32 V                       ; 1.17e-08 V                   ; 2.42 V              ; -0.0619 V           ; 0.272 V                              ; 0.096 V                              ; 2.93e-10 s                  ; 3.92e-10 s                  ; No                         ; Yes                        ; 2.32 V                      ; 1.17e-08 V                  ; 2.42 V             ; -0.0619 V          ; 0.272 V                             ; 0.096 V                             ; 2.93e-10 s                 ; 3.92e-10 s                 ; No                        ; Yes                       ;
; Q[0]         ; 2.5 V        ; 0 s                 ; 0 s                 ; 2.32 V                       ; 1.17e-08 V                   ; 2.42 V              ; -0.0619 V           ; 0.272 V                              ; 0.096 V                              ; 2.93e-10 s                  ; 3.92e-10 s                  ; No                         ; Yes                        ; 2.32 V                      ; 1.17e-08 V                  ; 2.42 V             ; -0.0619 V          ; 0.272 V                             ; 0.096 V                             ; 2.93e-10 s                 ; 3.92e-10 s                 ; No                        ; Yes                       ;
; ~ALTERA_TDO~ ; 2.5 V        ; 0 s                 ; 0 s                 ; 2.32 V                       ; 1.97e-08 V                   ; 2.4 V               ; -0.0233 V           ; 0.201 V                              ; 0.081 V                              ; 4.59e-10 s                  ; 5.51e-10 s                  ; No                         ; Yes                        ; 2.32 V                      ; 1.97e-08 V                  ; 2.4 V              ; -0.0233 V          ; 0.201 V                             ; 0.081 V                             ; 4.59e-10 s                 ; 5.51e-10 s                 ; No                        ; Yes                       ;
+--------------+--------------+---------------------+---------------------+------------------------------+------------------------------+---------------------+---------------------+--------------------------------------+--------------------------------------+-----------------------------+-----------------------------+----------------------------+----------------------------+-----------------------------+-----------------------------+--------------------+--------------------+-------------------------------------+-------------------------------------+----------------------------+----------------------------+---------------------------+---------------------------+


+-------------------------------------------------------------------------------------------------------------------------------------------------------------------------------------------------------------------------------------------------------------------------------------------------------------------------------------------------------------------------------------------------------------------------------------------------------------------------------------------------------------------------------------------------------------------------------------------------------------------------------------------------------------------------------------------+
; Signal Integrity Metrics (Slow 1200mv 85c Model)                                                                                                                                                                                                                                                                                                                                                                                                                                                                                                                                                                                                                                          ;
+--------------+--------------+---------------------+---------------------+------------------------------+------------------------------+---------------------+---------------------+--------------------------------------+--------------------------------------+-----------------------------+-----------------------------+----------------------------+----------------------------+-----------------------------+-----------------------------+--------------------+--------------------+-------------------------------------+-------------------------------------+----------------------------+----------------------------+---------------------------+---------------------------+
; Pin          ; I/O Standard ; Board Delay on Rise ; Board Delay on Fall ; Steady State Voh at FPGA Pin ; Steady State Vol at FPGA Pin ; Voh Max at FPGA Pin ; Vol Min at FPGA Pin ; Ringback Voltage on Rise at FPGA Pin ; Ringback Voltage on Fall at FPGA Pin ; 10-90 Rise Time at FPGA Pin ; 90-10 Fall Time at FPGA Pin ; Monotonic Rise at FPGA Pin ; Monotonic Fall at FPGA Pin ; Steady State Voh at Far-end ; Steady State Vol at Far-end ; Voh Max at Far-end ; Vol Min at Far-end ; Ringback Voltage on Rise at Far-end ; Ringback Voltage on Fall at Far-end ; 10-90 Rise Time at Far-end ; 90-10 Fall Time at Far-end ; Monotonic Rise at Far-end ; Monotonic Fall at Far-end ;
+--------------+--------------+---------------------+---------------------+------------------------------+------------------------------+---------------------+---------------------+--------------------------------------+--------------------------------------+-----------------------------+-----------------------------+----------------------------+----------------------------+-----------------------------+-----------------------------+--------------------+--------------------+-------------------------------------+-------------------------------------+----------------------------+----------------------------+---------------------------+---------------------------+
; RCO          ; 2.5 V        ; 0 s                 ; 0 s                 ; 2.32 V                       ; 1.79e-06 V                   ; 2.38 V              ; -0.041 V            ; 0.145 V                              ; 0.14 V                               ; 4.54e-10 s                  ; 4.3e-10 s                   ; No                         ; Yes                        ; 2.32 V                      ; 1.79e-06 V                  ; 2.38 V             ; -0.041 V           ; 0.145 V                             ; 0.14 V                              ; 4.54e-10 s                 ; 4.3e-10 s                  ; No                        ; Yes                       ;
; PC_INC       ; 2.5 V        ; 0 s                 ; 0 s                 ; 2.32 V                       ; 1.79e-06 V                   ; 2.38 V              ; -0.041 V            ; 0.145 V                              ; 0.14 V                               ; 4.54e-10 s                  ; 4.3e-10 s                   ; No                         ; Yes                        ; 2.32 V                      ; 1.79e-06 V                  ; 2.38 V             ; -0.041 V           ; 0.145 V                             ; 0.14 V                              ; 4.54e-10 s                 ; 4.3e-10 s                  ; No                        ; Yes                       ;
; IR[2]        ; 2.5 V        ; 0 s                 ; 0 s                 ; 2.32 V                       ; 1.79e-06 V                   ; 2.38 V              ; -0.041 V            ; 0.145 V                              ; 0.14 V                               ; 4.54e-10 s                  ; 4.3e-10 s                   ; No                         ; Yes                        ; 2.32 V                      ; 1.79e-06 V                  ; 2.38 V             ; -0.041 V           ; 0.145 V                             ; 0.14 V                              ; 4.54e-10 s                 ; 4.3e-10 s                  ; No                        ; Yes                       ;
; IR[1]        ; 2.5 V        ; 0 s                 ; 0 s                 ; 2.32 V                       ; 1.79e-06 V                   ; 2.38 V              ; -0.041 V            ; 0.145 V                              ; 0.14 V                               ; 4.54e-10 s                  ; 4.3e-10 s                   ; No                         ; Yes                        ; 2.32 V                      ; 1.79e-06 V                  ; 2.38 V             ; -0.041 V           ; 0.145 V                             ; 0.14 V                              ; 4.54e-10 s                 ; 4.3e-10 s                  ; No                        ; Yes                       ;
; IR[0]        ; 2.5 V        ; 0 s                 ; 0 s                 ; 2.32 V                       ; 1.79e-06 V                   ; 2.38 V              ; -0.0389 V           ; 0.145 V                              ; 0.139 V                              ; 4.54e-10 s                  ; 4.3e-10 s                   ; No                         ; Yes                        ; 2.32 V                      ; 1.79e-06 V                  ; 2.38 V             ; -0.0389 V          ; 0.145 V                             ; 0.139 V                             ; 4.54e-10 s                 ; 4.3e-10 s                  ; No                        ; Yes                       ;
; IR_LD        ; 2.5 V        ; 0 s                 ; 0 s                 ; 2.32 V                       ; 1.79e-06 V                   ; 2.38 V              ; -0.041 V            ; 0.145 V                              ; 0.14 V                               ; 4.54e-10 s                  ; 4.3e-10 s                   ; No                         ; Yes                        ; 2.32 V                      ; 1.79e-06 V                  ; 2.38 V             ; -0.041 V           ; 0.145 V                             ; 0.14 V                              ; 4.54e-10 s                 ; 4.3e-10 s                  ; No                        ; Yes                       ;
; INPUT[7]     ; 2.5 V        ; 0 s                 ; 0 s                 ; 2.32 V                       ; 1.79e-06 V                   ; 2.38 V              ; -0.041 V            ; 0.145 V                              ; 0.14 V                               ; 4.54e-10 s                  ; 4.3e-10 s                   ; No                         ; Yes                        ; 2.32 V                      ; 1.79e-06 V                  ; 2.38 V             ; -0.041 V           ; 0.145 V                             ; 0.14 V                              ; 4.54e-10 s                 ; 4.3e-10 s                  ; No                        ; Yes                       ;
; INPUT[6]     ; 2.5 V        ; 0 s                 ; 0 s                 ; 2.32 V                       ; 1.79e-06 V                   ; 2.38 V              ; -0.041 V            ; 0.145 V                              ; 0.14 V                               ; 4.54e-10 s                  ; 4.3e-10 s                   ; No                         ; Yes                        ; 2.32 V                      ; 1.79e-06 V                  ; 2.38 V             ; -0.041 V           ; 0.145 V                             ; 0.14 V                              ; 4.54e-10 s                 ; 4.3e-10 s                  ; No                        ; Yes                       ;
; INPUT[5]     ; 2.5 V        ; 0 s                 ; 0 s                 ; 2.32 V                       ; 1.79e-06 V                   ; 2.38 V              ; -0.0389 V           ; 0.145 V                              ; 0.139 V                              ; 4.54e-10 s                  ; 4.3e-10 s                   ; No                         ; Yes                        ; 2.32 V                      ; 1.79e-06 V                  ; 2.38 V             ; -0.0389 V          ; 0.145 V                             ; 0.139 V                             ; 4.54e-10 s                 ; 4.3e-10 s                  ; No                        ; Yes                       ;
; INPUT[4]     ; 2.5 V        ; 0 s                 ; 0 s                 ; 2.32 V                       ; 1.79e-06 V                   ; 2.38 V              ; -0.0389 V           ; 0.145 V                              ; 0.139 V                              ; 4.54e-10 s                  ; 4.3e-10 s                   ; No                         ; Yes                        ; 2.32 V                      ; 1.79e-06 V                  ; 2.38 V             ; -0.0389 V          ; 0.145 V                             ; 0.139 V                             ; 4.54e-10 s                 ; 4.3e-10 s                  ; No                        ; Yes                       ;
; INPUT[3]     ; 2.5 V        ; 0 s                 ; 0 s                 ; 2.32 V                       ; 1.79e-06 V                   ; 2.38 V              ; -0.041 V            ; 0.145 V                              ; 0.14 V                               ; 4.54e-10 s                  ; 4.3e-10 s                   ; No                         ; Yes                        ; 2.32 V                      ; 1.79e-06 V                  ; 2.38 V             ; -0.041 V           ; 0.145 V                             ; 0.14 V                              ; 4.54e-10 s                 ; 4.3e-10 s                  ; No                        ; Yes                       ;
; INPUT[2]     ; 2.5 V        ; 0 s                 ; 0 s                 ; 2.32 V                       ; 1.79e-06 V                   ; 2.38 V              ; -0.0389 V           ; 0.145 V                              ; 0.139 V                              ; 4.54e-10 s                  ; 4.3e-10 s                   ; No                         ; Yes                        ; 2.32 V                      ; 1.79e-06 V                  ; 2.38 V             ; -0.0389 V          ; 0.145 V                             ; 0.139 V                             ; 4.54e-10 s                 ; 4.3e-10 s                  ; No                        ; Yes                       ;
; INPUT[1]     ; 2.5 V        ; 0 s                 ; 0 s                 ; 2.32 V                       ; 1.79e-06 V                   ; 2.38 V              ; -0.0389 V           ; 0.145 V                              ; 0.139 V                              ; 4.54e-10 s                  ; 4.3e-10 s                   ; No                         ; Yes                        ; 2.32 V                      ; 1.79e-06 V                  ; 2.38 V             ; -0.0389 V          ; 0.145 V                             ; 0.139 V                             ; 4.54e-10 s                 ; 4.3e-10 s                  ; No                        ; Yes                       ;
; INPUT[0]     ; 2.5 V        ; 0 s                 ; 0 s                 ; 2.32 V                       ; 1.79e-06 V                   ; 2.38 V              ; -0.041 V            ; 0.145 V                              ; 0.14 V                               ; 4.54e-10 s                  ; 4.3e-10 s                   ; No                         ; Yes                        ; 2.32 V                      ; 1.79e-06 V                  ; 2.38 V             ; -0.041 V           ; 0.145 V                             ; 0.14 V                              ; 4.54e-10 s                 ; 4.3e-10 s                  ; No                        ; Yes                       ;
; A[14]        ; 2.5 V        ; 0 s                 ; 0 s                 ; 2.32 V                       ; 1.79e-06 V                   ; 2.38 V              ; -0.0389 V           ; 0.145 V                              ; 0.139 V                              ; 4.54e-10 s                  ; 4.3e-10 s                   ; No                         ; Yes                        ; 2.32 V                      ; 1.79e-06 V                  ; 2.38 V             ; -0.0389 V          ; 0.145 V                             ; 0.139 V                             ; 4.54e-10 s                 ; 4.3e-10 s                  ; No                        ; Yes                       ;
; A[13]        ; 2.5 V        ; 0 s                 ; 0 s                 ; 2.32 V                       ; 1.79e-06 V                   ; 2.38 V              ; -0.0389 V           ; 0.145 V                              ; 0.139 V                              ; 4.54e-10 s                  ; 4.3e-10 s                   ; No                         ; Yes                        ; 2.32 V                      ; 1.79e-06 V                  ; 2.38 V             ; -0.0389 V          ; 0.145 V                             ; 0.139 V                             ; 4.54e-10 s                 ; 4.3e-10 s                  ; No                        ; Yes                       ;
; A[12]        ; 2.5 V        ; 0 s                 ; 0 s                 ; 2.32 V                       ; 1.79e-06 V                   ; 2.38 V              ; -0.0389 V           ; 0.145 V                              ; 0.139 V                              ; 4.54e-10 s                  ; 4.3e-10 s                   ; No                         ; Yes                        ; 2.32 V                      ; 1.79e-06 V                  ; 2.38 V             ; -0.0389 V          ; 0.145 V                             ; 0.139 V                             ; 4.54e-10 s                 ; 4.3e-10 s                  ; No                        ; Yes                       ;
; A[11]        ; 2.5 V        ; 0 s                 ; 0 s                 ; 2.32 V                       ; 1.79e-06 V                   ; 2.38 V              ; -0.041 V            ; 0.145 V                              ; 0.14 V                               ; 4.54e-10 s                  ; 4.3e-10 s                   ; No                         ; Yes                        ; 2.32 V                      ; 1.79e-06 V                  ; 2.38 V             ; -0.041 V           ; 0.145 V                             ; 0.14 V                              ; 4.54e-10 s                 ; 4.3e-10 s                  ; No                        ; Yes                       ;
; A[10]        ; 2.5 V        ; 0 s                 ; 0 s                 ; 2.32 V                       ; 1.79e-06 V                   ; 2.38 V              ; -0.036 V            ; 0.183 V                              ; 0.07 V                               ; 4.76e-10 s                  ; 4.7e-10 s                   ; Yes                        ; Yes                        ; 2.32 V                      ; 1.79e-06 V                  ; 2.38 V             ; -0.036 V           ; 0.183 V                             ; 0.07 V                              ; 4.76e-10 s                 ; 4.7e-10 s                  ; Yes                       ; Yes                       ;
; A[9]         ; 2.5 V        ; 0 s                 ; 0 s                 ; 2.32 V                       ; 1.79e-06 V                   ; 2.38 V              ; -0.0389 V           ; 0.145 V                              ; 0.139 V                              ; 4.54e-10 s                  ; 4.3e-10 s                   ; No                         ; Yes                        ; 2.32 V                      ; 1.79e-06 V                  ; 2.38 V             ; -0.0389 V          ; 0.145 V                             ; 0.139 V                             ; 4.54e-10 s                 ; 4.3e-10 s                  ; No                        ; Yes                       ;
; A[8]         ; 2.5 V        ; 0 s                 ; 0 s                 ; 2.32 V                       ; 1.79e-06 V                   ; 2.38 V              ; -0.041 V            ; 0.145 V                              ; 0.14 V                               ; 4.54e-10 s                  ; 4.3e-10 s                   ; No                         ; Yes                        ; 2.32 V                      ; 1.79e-06 V                  ; 2.38 V             ; -0.041 V           ; 0.145 V                             ; 0.14 V                              ; 4.54e-10 s                 ; 4.3e-10 s                  ; No                        ; Yes                       ;
; A[7]         ; 2.5 V        ; 0 s                 ; 0 s                 ; 2.32 V                       ; 1.79e-06 V                   ; 2.38 V              ; -0.0389 V           ; 0.145 V                              ; 0.139 V                              ; 4.54e-10 s                  ; 4.3e-10 s                   ; No                         ; Yes                        ; 2.32 V                      ; 1.79e-06 V                  ; 2.38 V             ; -0.0389 V          ; 0.145 V                             ; 0.139 V                             ; 4.54e-10 s                 ; 4.3e-10 s                  ; No                        ; Yes                       ;
; A[6]         ; 2.5 V        ; 0 s                 ; 0 s                 ; 2.32 V                       ; 1.79e-06 V                   ; 2.38 V              ; -0.041 V            ; 0.145 V                              ; 0.14 V                               ; 4.54e-10 s                  ; 4.3e-10 s                   ; No                         ; Yes                        ; 2.32 V                      ; 1.79e-06 V                  ; 2.38 V             ; -0.041 V           ; 0.145 V                             ; 0.14 V                              ; 4.54e-10 s                 ; 4.3e-10 s                  ; No                        ; Yes                       ;
; A[5]         ; 2.5 V        ; 0 s                 ; 0 s                 ; 2.32 V                       ; 1.79e-06 V                   ; 2.38 V              ; -0.041 V            ; 0.145 V                              ; 0.14 V                               ; 4.54e-10 s                  ; 4.3e-10 s                   ; No                         ; Yes                        ; 2.32 V                      ; 1.79e-06 V                  ; 2.38 V             ; -0.041 V           ; 0.145 V                             ; 0.14 V                              ; 4.54e-10 s                 ; 4.3e-10 s                  ; No                        ; Yes                       ;
; A[4]         ; 2.5 V        ; 0 s                 ; 0 s                 ; 2.32 V                       ; 1.79e-06 V                   ; 2.38 V              ; -0.036 V            ; 0.183 V                              ; 0.07 V                               ; 4.76e-10 s                  ; 4.7e-10 s                   ; Yes                        ; Yes                        ; 2.32 V                      ; 1.79e-06 V                  ; 2.38 V             ; -0.036 V           ; 0.183 V                             ; 0.07 V                              ; 4.76e-10 s                 ; 4.7e-10 s                  ; Yes                       ; Yes                       ;
; A[3]         ; 2.5 V        ; 0 s                 ; 0 s                 ; 2.32 V                       ; 1.79e-06 V                   ; 2.38 V              ; -0.036 V            ; 0.183 V                              ; 0.07 V                               ; 4.76e-10 s                  ; 4.7e-10 s                   ; Yes                        ; Yes                        ; 2.32 V                      ; 1.79e-06 V                  ; 2.38 V             ; -0.036 V           ; 0.183 V                             ; 0.07 V                              ; 4.76e-10 s                 ; 4.7e-10 s                  ; Yes                       ; Yes                       ;
; A[2]         ; 2.5 V        ; 0 s                 ; 0 s                 ; 2.32 V                       ; 1.79e-06 V                   ; 2.38 V              ; -0.0389 V           ; 0.145 V                              ; 0.139 V                              ; 4.54e-10 s                  ; 4.3e-10 s                   ; No                         ; Yes                        ; 2.32 V                      ; 1.79e-06 V                  ; 2.38 V             ; -0.0389 V          ; 0.145 V                             ; 0.139 V                             ; 4.54e-10 s                 ; 4.3e-10 s                  ; No                        ; Yes                       ;
; A[1]         ; 2.5 V        ; 0 s                 ; 0 s                 ; 2.32 V                       ; 1.79e-06 V                   ; 2.38 V              ; -0.0389 V           ; 0.145 V                              ; 0.139 V                              ; 4.54e-10 s                  ; 4.3e-10 s                   ; No                         ; Yes                        ; 2.32 V                      ; 1.79e-06 V                  ; 2.38 V             ; -0.0389 V          ; 0.145 V                             ; 0.139 V                             ; 4.54e-10 s                 ; 4.3e-10 s                  ; No                        ; Yes                       ;
; A[0]         ; 2.5 V        ; 0 s                 ; 0 s                 ; 2.32 V                       ; 1.79e-06 V                   ; 2.38 V              ; -0.0389 V           ; 0.145 V                              ; 0.139 V                              ; 4.54e-10 s                  ; 4.3e-10 s                   ; No                         ; Yes                        ; 2.32 V                      ; 1.79e-06 V                  ; 2.38 V             ; -0.0389 V          ; 0.145 V                             ; 0.139 V                             ; 4.54e-10 s                 ; 4.3e-10 s                  ; No                        ; Yes                       ;
; PC_LD        ; 2.5 V        ; 0 s                 ; 0 s                 ; 2.32 V                       ; 1.79e-06 V                   ; 2.38 V              ; -0.0389 V           ; 0.145 V                              ; 0.139 V                              ; 4.54e-10 s                  ; 4.3e-10 s                   ; No                         ; Yes                        ; 2.32 V                      ; 1.79e-06 V                  ; 2.38 V             ; -0.0389 V          ; 0.145 V                             ; 0.139 V                             ; 4.54e-10 s                 ; 4.3e-10 s                  ; No                        ; Yes                       ;
; C_OUT        ; 2.5 V        ; 0 s                 ; 0 s                 ; 2.32 V                       ; 1.79e-06 V                   ; 2.38 V              ; -0.0362 V           ; 0.184 V                              ; 0.2 V                                ; 4.76e-10 s                  ; 4.71e-10 s                  ; Yes                        ; Yes                        ; 2.32 V                      ; 1.79e-06 V                  ; 2.38 V             ; -0.0362 V          ; 0.184 V                             ; 0.2 V                               ; 4.76e-10 s                 ; 4.71e-10 s                 ; Yes                       ; Yes                       ;
; MSA[1]       ; 2.5 V        ; 0 s                 ; 0 s                 ; 2.32 V                       ; 1.79e-06 V                   ; 2.38 V              ; -0.041 V            ; 0.145 V                              ; 0.14 V                               ; 4.54e-10 s                  ; 4.3e-10 s                   ; No                         ; Yes                        ; 2.32 V                      ; 1.79e-06 V                  ; 2.38 V             ; -0.041 V           ; 0.145 V                             ; 0.14 V                              ; 4.54e-10 s                 ; 4.3e-10 s                  ; No                        ; Yes                       ;
; MSA[0]       ; 2.5 V        ; 0 s                 ; 0 s                 ; 2.32 V                       ; 1.79e-06 V                   ; 2.38 V              ; -0.0389 V           ; 0.145 V                              ; 0.139 V                              ; 4.54e-10 s                  ; 4.3e-10 s                   ; No                         ; Yes                        ; 2.32 V                      ; 1.79e-06 V                  ; 2.38 V             ; -0.0389 V          ; 0.145 V                             ; 0.139 V                             ; 4.54e-10 s                 ; 4.3e-10 s                  ; No                        ; Yes                       ;
; MSB[1]       ; 2.5 V        ; 0 s                 ; 0 s                 ; 2.32 V                       ; 1.79e-06 V                   ; 2.38 V              ; -0.0389 V           ; 0.145 V                              ; 0.139 V                              ; 4.54e-10 s                  ; 4.3e-10 s                   ; No                         ; Yes                        ; 2.32 V                      ; 1.79e-06 V                  ; 2.38 V             ; -0.0389 V          ; 0.145 V                             ; 0.139 V                             ; 4.54e-10 s                 ; 4.3e-10 s                  ; No                        ; Yes                       ;
; MSB[0]       ; 2.5 V        ; 0 s                 ; 0 s                 ; 2.32 V                       ; 1.79e-06 V                   ; 2.38 V              ; -0.0389 V           ; 0.145 V                              ; 0.139 V                              ; 4.54e-10 s                  ; 4.3e-10 s                   ; No                         ; Yes                        ; 2.32 V                      ; 1.79e-06 V                  ; 2.38 V             ; -0.0389 V          ; 0.145 V                             ; 0.139 V                             ; 4.54e-10 s                 ; 4.3e-10 s                  ; No                        ; Yes                       ;
; MSC[2]       ; 2.5 V        ; 0 s                 ; 0 s                 ; 2.32 V                       ; 1.79e-06 V                   ; 2.38 V              ; -0.041 V            ; 0.145 V                              ; 0.14 V                               ; 4.54e-10 s                  ; 4.3e-10 s                   ; No                         ; Yes                        ; 2.32 V                      ; 1.79e-06 V                  ; 2.38 V             ; -0.041 V           ; 0.145 V                             ; 0.14 V                              ; 4.54e-10 s                 ; 4.3e-10 s                  ; No                        ; Yes                       ;
; MSC[1]       ; 2.5 V        ; 0 s                 ; 0 s                 ; 2.32 V                       ; 1.79e-06 V                   ; 2.38 V              ; -0.041 V            ; 0.145 V                              ; 0.14 V                               ; 4.54e-10 s                  ; 4.3e-10 s                   ; No                         ; Yes                        ; 2.32 V                      ; 1.79e-06 V                  ; 2.38 V             ; -0.041 V           ; 0.145 V                             ; 0.14 V                              ; 4.54e-10 s                 ; 4.3e-10 s                  ; No                        ; Yes                       ;
; MSC[0]       ; 2.5 V        ; 0 s                 ; 0 s                 ; 2.32 V                       ; 1.79e-06 V                   ; 2.38 V              ; -0.041 V            ; 0.145 V                              ; 0.14 V                               ; 4.54e-10 s                  ; 4.3e-10 s                   ; No                         ; Yes                        ; 2.32 V                      ; 1.79e-06 V                  ; 2.38 V             ; -0.041 V           ; 0.145 V                             ; 0.14 V                              ; 4.54e-10 s                 ; 4.3e-10 s                  ; No                        ; Yes                       ;
; AA_L         ; 2.5 V        ; 0 s                 ; 0 s                 ; 2.32 V                       ; 1.79e-06 V                   ; 2.38 V              ; -0.041 V            ; 0.145 V                              ; 0.14 V                               ; 4.54e-10 s                  ; 4.3e-10 s                   ; No                         ; Yes                        ; 2.32 V                      ; 1.79e-06 V                  ; 2.38 V             ; -0.041 V           ; 0.145 V                             ; 0.14 V                              ; 4.54e-10 s                 ; 4.3e-10 s                  ; No                        ; Yes                       ;
; REGA[3]      ; 2.5 V        ; 0 s                 ; 0 s                 ; 2.32 V                       ; 1.79e-06 V                   ; 2.38 V              ; -0.041 V            ; 0.145 V                              ; 0.14 V                               ; 4.54e-10 s                  ; 4.3e-10 s                   ; No                         ; Yes                        ; 2.32 V                      ; 1.79e-06 V                  ; 2.38 V             ; -0.041 V           ; 0.145 V                             ; 0.14 V                              ; 4.54e-10 s                 ; 4.3e-10 s                  ; No                        ; Yes                       ;
; REGA[2]      ; 2.5 V        ; 0 s                 ; 0 s                 ; 2.32 V                       ; 1.79e-06 V                   ; 2.38 V              ; -0.0389 V           ; 0.145 V                              ; 0.139 V                              ; 4.54e-10 s                  ; 4.3e-10 s                   ; No                         ; Yes                        ; 2.32 V                      ; 1.79e-06 V                  ; 2.38 V             ; -0.0389 V          ; 0.145 V                             ; 0.139 V                             ; 4.54e-10 s                 ; 4.3e-10 s                  ; No                        ; Yes                       ;
; REGA[1]      ; 2.5 V        ; 0 s                 ; 0 s                 ; 2.32 V                       ; 1.79e-06 V                   ; 2.38 V              ; -0.0389 V           ; 0.145 V                              ; 0.139 V                              ; 4.54e-10 s                  ; 4.3e-10 s                   ; No                         ; Yes                        ; 2.32 V                      ; 1.79e-06 V                  ; 2.38 V             ; -0.0389 V          ; 0.145 V                             ; 0.139 V                             ; 4.54e-10 s                 ; 4.3e-10 s                  ; No                        ; Yes                       ;
; REGA[0]      ; 2.5 V        ; 0 s                 ; 0 s                 ; 2.32 V                       ; 1.79e-06 V                   ; 2.38 V              ; -0.0389 V           ; 0.145 V                              ; 0.139 V                              ; 4.54e-10 s                  ; 4.3e-10 s                   ; No                         ; Yes                        ; 2.32 V                      ; 1.79e-06 V                  ; 2.38 V             ; -0.0389 V          ; 0.145 V                             ; 0.139 V                             ; 4.54e-10 s                 ; 4.3e-10 s                  ; No                        ; Yes                       ;
; AB_L         ; 2.5 V        ; 0 s                 ; 0 s                 ; 2.32 V                       ; 1.79e-06 V                   ; 2.38 V              ; -0.0389 V           ; 0.145 V                              ; 0.139 V                              ; 4.54e-10 s                  ; 4.3e-10 s                   ; No                         ; Yes                        ; 2.32 V                      ; 1.79e-06 V                  ; 2.38 V             ; -0.0389 V          ; 0.145 V                             ; 0.139 V                             ; 4.54e-10 s                 ; 4.3e-10 s                  ; No                        ; Yes                       ;
; AC_L         ; 2.5 V        ; 0 s                 ; 0 s                 ; 2.32 V                       ; 1.79e-06 V                   ; 2.38 V              ; -0.0389 V           ; 0.145 V                              ; 0.139 V                              ; 4.54e-10 s                  ; 4.3e-10 s                   ; No                         ; Yes                        ; 2.32 V                      ; 1.79e-06 V                  ; 2.38 V             ; -0.0389 V          ; 0.145 V                             ; 0.139 V                             ; 4.54e-10 s                 ; 4.3e-10 s                  ; No                        ; Yes                       ;
; AD_L         ; 2.5 V        ; 0 s                 ; 0 s                 ; 2.32 V                       ; 1.79e-06 V                   ; 2.38 V              ; -0.041 V            ; 0.145 V                              ; 0.14 V                               ; 4.54e-10 s                  ; 4.3e-10 s                   ; No                         ; Yes                        ; 2.32 V                      ; 1.79e-06 V                  ; 2.38 V             ; -0.041 V           ; 0.145 V                             ; 0.14 V                              ; 4.54e-10 s                 ; 4.3e-10 s                  ; No                        ; Yes                       ;
; AE_L         ; 2.5 V        ; 0 s                 ; 0 s                 ; 2.32 V                       ; 1.79e-06 V                   ; 2.38 V              ; -0.041 V            ; 0.145 V                              ; 0.14 V                               ; 4.54e-10 s                  ; 4.3e-10 s                   ; No                         ; Yes                        ; 2.32 V                      ; 1.79e-06 V                  ; 2.38 V             ; -0.041 V           ; 0.145 V                             ; 0.14 V                              ; 4.54e-10 s                 ; 4.3e-10 s                  ; No                        ; Yes                       ;
; AF_L         ; 2.5 V        ; 0 s                 ; 0 s                 ; 2.32 V                       ; 1.79e-06 V                   ; 2.38 V              ; -0.041 V            ; 0.145 V                              ; 0.14 V                               ; 4.54e-10 s                  ; 4.3e-10 s                   ; No                         ; Yes                        ; 2.32 V                      ; 1.79e-06 V                  ; 2.38 V             ; -0.041 V           ; 0.145 V                             ; 0.14 V                              ; 4.54e-10 s                 ; 4.3e-10 s                  ; No                        ; Yes                       ;
; AG_L         ; 2.5 V        ; 0 s                 ; 0 s                 ; 2.32 V                       ; 1.79e-06 V                   ; 2.38 V              ; -0.0389 V           ; 0.145 V                              ; 0.139 V                              ; 4.54e-10 s                  ; 4.3e-10 s                   ; No                         ; Yes                        ; 2.32 V                      ; 1.79e-06 V                  ; 2.38 V             ; -0.0389 V          ; 0.145 V                             ; 0.139 V                             ; 4.54e-10 s                 ; 4.3e-10 s                  ; No                        ; Yes                       ;
; BA_L         ; 2.5 V        ; 0 s                 ; 0 s                 ; 2.32 V                       ; 1.79e-06 V                   ; 2.38 V              ; -0.041 V            ; 0.145 V                              ; 0.14 V                               ; 4.54e-10 s                  ; 4.3e-10 s                   ; No                         ; Yes                        ; 2.32 V                      ; 1.79e-06 V                  ; 2.38 V             ; -0.041 V           ; 0.145 V                             ; 0.14 V                              ; 4.54e-10 s                 ; 4.3e-10 s                  ; No                        ; Yes                       ;
; REGB[3]      ; 2.5 V        ; 0 s                 ; 0 s                 ; 2.32 V                       ; 1.79e-06 V                   ; 2.38 V              ; -0.041 V            ; 0.145 V                              ; 0.14 V                               ; 4.54e-10 s                  ; 4.3e-10 s                   ; No                         ; Yes                        ; 2.32 V                      ; 1.79e-06 V                  ; 2.38 V             ; -0.041 V           ; 0.145 V                             ; 0.14 V                              ; 4.54e-10 s                 ; 4.3e-10 s                  ; No                        ; Yes                       ;
; REGB[2]      ; 2.5 V        ; 0 s                 ; 0 s                 ; 2.32 V                       ; 1.79e-06 V                   ; 2.38 V              ; -0.0389 V           ; 0.145 V                              ; 0.139 V                              ; 4.54e-10 s                  ; 4.3e-10 s                   ; No                         ; Yes                        ; 2.32 V                      ; 1.79e-06 V                  ; 2.38 V             ; -0.0389 V          ; 0.145 V                             ; 0.139 V                             ; 4.54e-10 s                 ; 4.3e-10 s                  ; No                        ; Yes                       ;
; REGB[1]      ; 2.5 V        ; 0 s                 ; 0 s                 ; 2.32 V                       ; 1.79e-06 V                   ; 2.38 V              ; -0.0389 V           ; 0.145 V                              ; 0.139 V                              ; 4.54e-10 s                  ; 4.3e-10 s                   ; No                         ; Yes                        ; 2.32 V                      ; 1.79e-06 V                  ; 2.38 V             ; -0.0389 V          ; 0.145 V                             ; 0.139 V                             ; 4.54e-10 s                 ; 4.3e-10 s                  ; No                        ; Yes                       ;
; REGB[0]      ; 2.5 V        ; 0 s                 ; 0 s                 ; 2.32 V                       ; 1.79e-06 V                   ; 2.38 V              ; -0.0389 V           ; 0.145 V                              ; 0.139 V                              ; 4.54e-10 s                  ; 4.3e-10 s                   ; No                         ; Yes                        ; 2.32 V                      ; 1.79e-06 V                  ; 2.38 V             ; -0.0389 V          ; 0.145 V                             ; 0.139 V                             ; 4.54e-10 s                 ; 4.3e-10 s                  ; No                        ; Yes                       ;
; BB_L         ; 2.5 V        ; 0 s                 ; 0 s                 ; 2.32 V                       ; 1.79e-06 V                   ; 2.38 V              ; -0.041 V            ; 0.145 V                              ; 0.14 V                               ; 4.54e-10 s                  ; 4.3e-10 s                   ; No                         ; Yes                        ; 2.32 V                      ; 1.79e-06 V                  ; 2.38 V             ; -0.041 V           ; 0.145 V                             ; 0.14 V                              ; 4.54e-10 s                 ; 4.3e-10 s                  ; No                        ; Yes                       ;
; BC_L         ; 2.5 V        ; 0 s                 ; 0 s                 ; 2.32 V                       ; 1.79e-06 V                   ; 2.38 V              ; -0.0389 V           ; 0.145 V                              ; 0.139 V                              ; 4.54e-10 s                  ; 4.3e-10 s                   ; No                         ; Yes                        ; 2.32 V                      ; 1.79e-06 V                  ; 2.38 V             ; -0.0389 V          ; 0.145 V                             ; 0.139 V                             ; 4.54e-10 s                 ; 4.3e-10 s                  ; No                        ; Yes                       ;
; BD_L         ; 2.5 V        ; 0 s                 ; 0 s                 ; 2.32 V                       ; 1.79e-06 V                   ; 2.38 V              ; -0.041 V            ; 0.145 V                              ; 0.14 V                               ; 4.54e-10 s                  ; 4.3e-10 s                   ; No                         ; Yes                        ; 2.32 V                      ; 1.79e-06 V                  ; 2.38 V             ; -0.041 V           ; 0.145 V                             ; 0.14 V                              ; 4.54e-10 s                 ; 4.3e-10 s                  ; No                        ; Yes                       ;
; BE_L         ; 2.5 V        ; 0 s                 ; 0 s                 ; 2.32 V                       ; 1.79e-06 V                   ; 2.38 V              ; -0.0389 V           ; 0.145 V                              ; 0.139 V                              ; 4.54e-10 s                  ; 4.3e-10 s                   ; No                         ; Yes                        ; 2.32 V                      ; 1.79e-06 V                  ; 2.38 V             ; -0.0389 V          ; 0.145 V                             ; 0.139 V                             ; 4.54e-10 s                 ; 4.3e-10 s                  ; No                        ; Yes                       ;
; BF_L         ; 2.5 V        ; 0 s                 ; 0 s                 ; 2.32 V                       ; 1.79e-06 V                   ; 2.38 V              ; -0.041 V            ; 0.145 V                              ; 0.14 V                               ; 4.54e-10 s                  ; 4.3e-10 s                   ; No                         ; Yes                        ; 2.32 V                      ; 1.79e-06 V                  ; 2.38 V             ; -0.041 V           ; 0.145 V                             ; 0.14 V                              ; 4.54e-10 s                 ; 4.3e-10 s                  ; No                        ; Yes                       ;
; BG_L         ; 2.5 V        ; 0 s                 ; 0 s                 ; 2.32 V                       ; 1.79e-06 V                   ; 2.38 V              ; -0.0389 V           ; 0.145 V                              ; 0.139 V                              ; 4.54e-10 s                  ; 4.3e-10 s                   ; No                         ; Yes                        ; 2.32 V                      ; 1.79e-06 V                  ; 2.38 V             ; -0.0389 V          ; 0.145 V                             ; 0.139 V                             ; 4.54e-10 s                 ; 4.3e-10 s                  ; No                        ; Yes                       ;
; OUTPUT[3]    ; 2.5 V        ; 0 s                 ; 0 s                 ; 2.32 V                       ; 1.79e-06 V                   ; 2.38 V              ; -0.0389 V           ; 0.145 V                              ; 0.139 V                              ; 4.54e-10 s                  ; 4.3e-10 s                   ; No                         ; Yes                        ; 2.32 V                      ; 1.79e-06 V                  ; 2.38 V             ; -0.0389 V          ; 0.145 V                             ; 0.139 V                             ; 4.54e-10 s                 ; 4.3e-10 s                  ; No                        ; Yes                       ;
; OUTPUT[2]    ; 2.5 V        ; 0 s                 ; 0 s                 ; 2.32 V                       ; 1.79e-06 V                   ; 2.38 V              ; -0.041 V            ; 0.145 V                              ; 0.14 V                               ; 4.54e-10 s                  ; 4.3e-10 s                   ; No                         ; Yes                        ; 2.32 V                      ; 1.79e-06 V                  ; 2.38 V             ; -0.041 V           ; 0.145 V                             ; 0.14 V                              ; 4.54e-10 s                 ; 4.3e-10 s                  ; No                        ; Yes                       ;
; OUTPUT[1]    ; 2.5 V        ; 0 s                 ; 0 s                 ; 2.32 V                       ; 1.79e-06 V                   ; 2.38 V              ; -0.041 V            ; 0.145 V                              ; 0.14 V                               ; 4.54e-10 s                  ; 4.3e-10 s                   ; No                         ; Yes                        ; 2.32 V                      ; 1.79e-06 V                  ; 2.38 V             ; -0.041 V           ; 0.145 V                             ; 0.14 V                              ; 4.54e-10 s                 ; 4.3e-10 s                  ; No                        ; Yes                       ;
; OUTPUT[0]    ; 2.5 V        ; 0 s                 ; 0 s                 ; 2.32 V                       ; 1.79e-06 V                   ; 2.33 V              ; -0.00323 V          ; 0.209 V                              ; 0.136 V                              ; 4.56e-09 s                  ; 4.19e-09 s                  ; No                         ; Yes                        ; 2.32 V                      ; 1.79e-06 V                  ; 2.33 V             ; -0.00323 V         ; 0.209 V                             ; 0.136 V                             ; 4.56e-09 s                 ; 4.19e-09 s                 ; No                        ; Yes                       ;
; PC[3]        ; 2.5 V        ; 0 s                 ; 0 s                 ; 2.32 V                       ; 1.79e-06 V                   ; 2.38 V              ; -0.041 V            ; 0.145 V                              ; 0.14 V                               ; 4.54e-10 s                  ; 4.3e-10 s                   ; No                         ; Yes                        ; 2.32 V                      ; 1.79e-06 V                  ; 2.38 V             ; -0.041 V           ; 0.145 V                             ; 0.14 V                              ; 4.54e-10 s                 ; 4.3e-10 s                  ; No                        ; Yes                       ;
; PC[2]        ; 2.5 V        ; 0 s                 ; 0 s                 ; 2.32 V                       ; 1.79e-06 V                   ; 2.38 V              ; -0.0389 V           ; 0.145 V                              ; 0.139 V                              ; 4.54e-10 s                  ; 4.3e-10 s                   ; No                         ; Yes                        ; 2.32 V                      ; 1.79e-06 V                  ; 2.38 V             ; -0.0389 V          ; 0.145 V                             ; 0.139 V                             ; 4.54e-10 s                 ; 4.3e-10 s                  ; No                        ; Yes                       ;
; PC[1]        ; 2.5 V        ; 0 s                 ; 0 s                 ; 2.32 V                       ; 1.79e-06 V                   ; 2.38 V              ; -0.0389 V           ; 0.145 V                              ; 0.139 V                              ; 4.54e-10 s                  ; 4.3e-10 s                   ; No                         ; Yes                        ; 2.32 V                      ; 1.79e-06 V                  ; 2.38 V             ; -0.0389 V          ; 0.145 V                             ; 0.139 V                             ; 4.54e-10 s                 ; 4.3e-10 s                  ; No                        ; Yes                       ;
; PC[0]        ; 2.5 V        ; 0 s                 ; 0 s                 ; 2.32 V                       ; 1.79e-06 V                   ; 2.38 V              ; -0.041 V            ; 0.145 V                              ; 0.14 V                               ; 4.54e-10 s                  ; 4.3e-10 s                   ; No                         ; Yes                        ; 2.32 V                      ; 1.79e-06 V                  ; 2.38 V             ; -0.041 V           ; 0.145 V                             ; 0.14 V                              ; 4.54e-10 s                 ; 4.3e-10 s                  ; No                        ; Yes                       ;
; Q[1]         ; 2.5 V        ; 0 s                 ; 0 s                 ; 2.32 V                       ; 1.79e-06 V                   ; 2.38 V              ; -0.0389 V           ; 0.145 V                              ; 0.139 V                              ; 4.54e-10 s                  ; 4.3e-10 s                   ; No                         ; Yes                        ; 2.32 V                      ; 1.79e-06 V                  ; 2.38 V             ; -0.0389 V          ; 0.145 V                             ; 0.139 V                             ; 4.54e-10 s                 ; 4.3e-10 s                  ; No                        ; Yes                       ;
; Q[0]         ; 2.5 V        ; 0 s                 ; 0 s                 ; 2.32 V                       ; 1.79e-06 V                   ; 2.38 V              ; -0.0389 V           ; 0.145 V                              ; 0.139 V                              ; 4.54e-10 s                  ; 4.3e-10 s                   ; No                         ; Yes                        ; 2.32 V                      ; 1.79e-06 V                  ; 2.38 V             ; -0.0389 V          ; 0.145 V                             ; 0.139 V                             ; 4.54e-10 s                 ; 4.3e-10 s                  ; No                        ; Yes                       ;
; ~ALTERA_TDO~ ; 2.5 V        ; 0 s                 ; 0 s                 ; 2.32 V                       ; 3.04e-06 V                   ; 2.37 V              ; -0.0108 V           ; 0.13 V                               ; 0.066 V                              ; 6.33e-10 s                  ; 6.45e-10 s                  ; No                         ; Yes                        ; 2.32 V                      ; 3.04e-06 V                  ; 2.37 V             ; -0.0108 V          ; 0.13 V                              ; 0.066 V                             ; 6.33e-10 s                 ; 6.45e-10 s                 ; No                        ; Yes                       ;
+--------------+--------------+---------------------+---------------------+------------------------------+------------------------------+---------------------+---------------------+--------------------------------------+--------------------------------------+-----------------------------+-----------------------------+----------------------------+----------------------------+-----------------------------+-----------------------------+--------------------+--------------------+-------------------------------------+-------------------------------------+----------------------------+----------------------------+---------------------------+---------------------------+


+-------------------------------------------------------------------------------------------------------------------------------------------------------------------------------------------------------------------------------------------------------------------------------------------------------------------------------------------------------------------------------------------------------------------------------------------------------------------------------------------------------------------------------------------------------------------------------------------------------------------------------------------------------------------------------------------+
; Signal Integrity Metrics (Fast 1200mv 0c Model)                                                                                                                                                                                                                                                                                                                                                                                                                                                                                                                                                                                                                                           ;
+--------------+--------------+---------------------+---------------------+------------------------------+------------------------------+---------------------+---------------------+--------------------------------------+--------------------------------------+-----------------------------+-----------------------------+----------------------------+----------------------------+-----------------------------+-----------------------------+--------------------+--------------------+-------------------------------------+-------------------------------------+----------------------------+----------------------------+---------------------------+---------------------------+
; Pin          ; I/O Standard ; Board Delay on Rise ; Board Delay on Fall ; Steady State Voh at FPGA Pin ; Steady State Vol at FPGA Pin ; Voh Max at FPGA Pin ; Vol Min at FPGA Pin ; Ringback Voltage on Rise at FPGA Pin ; Ringback Voltage on Fall at FPGA Pin ; 10-90 Rise Time at FPGA Pin ; 90-10 Fall Time at FPGA Pin ; Monotonic Rise at FPGA Pin ; Monotonic Fall at FPGA Pin ; Steady State Voh at Far-end ; Steady State Vol at Far-end ; Voh Max at Far-end ; Vol Min at Far-end ; Ringback Voltage on Rise at Far-end ; Ringback Voltage on Fall at Far-end ; 10-90 Rise Time at Far-end ; 90-10 Fall Time at Far-end ; Monotonic Rise at Far-end ; Monotonic Fall at Far-end ;
+--------------+--------------+---------------------+---------------------+------------------------------+------------------------------+---------------------+---------------------+--------------------------------------+--------------------------------------+-----------------------------+-----------------------------+----------------------------+----------------------------+-----------------------------+-----------------------------+--------------------+--------------------+-------------------------------------+-------------------------------------+----------------------------+----------------------------+---------------------------+---------------------------+
; RCO          ; 2.5 V        ; 0 s                 ; 0 s                 ; 2.62 V                       ; 9.94e-08 V                   ; 2.78 V              ; -0.0444 V           ; 0.25 V                               ; 0.107 V                              ; 2.67e-10 s                  ; 2.75e-10 s                  ; No                         ; Yes                        ; 2.62 V                      ; 9.94e-08 V                  ; 2.78 V             ; -0.0444 V          ; 0.25 V                              ; 0.107 V                             ; 2.67e-10 s                 ; 2.75e-10 s                 ; No                        ; Yes                       ;
; PC_INC       ; 2.5 V        ; 0 s                 ; 0 s                 ; 2.62 V                       ; 9.94e-08 V                   ; 2.78 V              ; -0.0444 V           ; 0.25 V                               ; 0.107 V                              ; 2.67e-10 s                  ; 2.75e-10 s                  ; No                         ; Yes                        ; 2.62 V                      ; 9.94e-08 V                  ; 2.78 V             ; -0.0444 V          ; 0.25 V                              ; 0.107 V                             ; 2.67e-10 s                 ; 2.75e-10 s                 ; No                        ; Yes                       ;
; IR[2]        ; 2.5 V        ; 0 s                 ; 0 s                 ; 2.62 V                       ; 9.94e-08 V                   ; 2.78 V              ; -0.0444 V           ; 0.25 V                               ; 0.107 V                              ; 2.67e-10 s                  ; 2.75e-10 s                  ; No                         ; Yes                        ; 2.62 V                      ; 9.94e-08 V                  ; 2.78 V             ; -0.0444 V          ; 0.25 V                              ; 0.107 V                             ; 2.67e-10 s                 ; 2.75e-10 s                 ; No                        ; Yes                       ;
; IR[1]        ; 2.5 V        ; 0 s                 ; 0 s                 ; 2.62 V                       ; 9.94e-08 V                   ; 2.78 V              ; -0.0444 V           ; 0.25 V                               ; 0.107 V                              ; 2.67e-10 s                  ; 2.75e-10 s                  ; No                         ; Yes                        ; 2.62 V                      ; 9.94e-08 V                  ; 2.78 V             ; -0.0444 V          ; 0.25 V                              ; 0.107 V                             ; 2.67e-10 s                 ; 2.75e-10 s                 ; No                        ; Yes                       ;
; IR[0]        ; 2.5 V        ; 0 s                 ; 0 s                 ; 2.62 V                       ; 9.95e-08 V                   ; 2.78 V              ; -0.0452 V           ; 0.248 V                              ; 0.108 V                              ; 2.67e-10 s                  ; 2.75e-10 s                  ; No                         ; Yes                        ; 2.62 V                      ; 9.95e-08 V                  ; 2.78 V             ; -0.0452 V          ; 0.248 V                             ; 0.108 V                             ; 2.67e-10 s                 ; 2.75e-10 s                 ; No                        ; Yes                       ;
; IR_LD        ; 2.5 V        ; 0 s                 ; 0 s                 ; 2.62 V                       ; 9.94e-08 V                   ; 2.78 V              ; -0.0444 V           ; 0.25 V                               ; 0.107 V                              ; 2.67e-10 s                  ; 2.75e-10 s                  ; No                         ; Yes                        ; 2.62 V                      ; 9.94e-08 V                  ; 2.78 V             ; -0.0444 V          ; 0.25 V                              ; 0.107 V                             ; 2.67e-10 s                 ; 2.75e-10 s                 ; No                        ; Yes                       ;
; INPUT[7]     ; 2.5 V        ; 0 s                 ; 0 s                 ; 2.62 V                       ; 9.94e-08 V                   ; 2.78 V              ; -0.0444 V           ; 0.25 V                               ; 0.107 V                              ; 2.67e-10 s                  ; 2.75e-10 s                  ; No                         ; Yes                        ; 2.62 V                      ; 9.94e-08 V                  ; 2.78 V             ; -0.0444 V          ; 0.25 V                              ; 0.107 V                             ; 2.67e-10 s                 ; 2.75e-10 s                 ; No                        ; Yes                       ;
; INPUT[6]     ; 2.5 V        ; 0 s                 ; 0 s                 ; 2.62 V                       ; 9.94e-08 V                   ; 2.78 V              ; -0.0444 V           ; 0.25 V                               ; 0.107 V                              ; 2.67e-10 s                  ; 2.75e-10 s                  ; No                         ; Yes                        ; 2.62 V                      ; 9.94e-08 V                  ; 2.78 V             ; -0.0444 V          ; 0.25 V                              ; 0.107 V                             ; 2.67e-10 s                 ; 2.75e-10 s                 ; No                        ; Yes                       ;
; INPUT[5]     ; 2.5 V        ; 0 s                 ; 0 s                 ; 2.62 V                       ; 9.95e-08 V                   ; 2.78 V              ; -0.0452 V           ; 0.248 V                              ; 0.108 V                              ; 2.67e-10 s                  ; 2.75e-10 s                  ; No                         ; Yes                        ; 2.62 V                      ; 9.95e-08 V                  ; 2.78 V             ; -0.0452 V          ; 0.248 V                             ; 0.108 V                             ; 2.67e-10 s                 ; 2.75e-10 s                 ; No                        ; Yes                       ;
; INPUT[4]     ; 2.5 V        ; 0 s                 ; 0 s                 ; 2.62 V                       ; 9.95e-08 V                   ; 2.78 V              ; -0.0452 V           ; 0.248 V                              ; 0.108 V                              ; 2.67e-10 s                  ; 2.75e-10 s                  ; No                         ; Yes                        ; 2.62 V                      ; 9.95e-08 V                  ; 2.78 V             ; -0.0452 V          ; 0.248 V                             ; 0.108 V                             ; 2.67e-10 s                 ; 2.75e-10 s                 ; No                        ; Yes                       ;
; INPUT[3]     ; 2.5 V        ; 0 s                 ; 0 s                 ; 2.62 V                       ; 9.94e-08 V                   ; 2.78 V              ; -0.0444 V           ; 0.25 V                               ; 0.107 V                              ; 2.67e-10 s                  ; 2.75e-10 s                  ; No                         ; Yes                        ; 2.62 V                      ; 9.94e-08 V                  ; 2.78 V             ; -0.0444 V          ; 0.25 V                              ; 0.107 V                             ; 2.67e-10 s                 ; 2.75e-10 s                 ; No                        ; Yes                       ;
; INPUT[2]     ; 2.5 V        ; 0 s                 ; 0 s                 ; 2.62 V                       ; 9.95e-08 V                   ; 2.78 V              ; -0.0452 V           ; 0.248 V                              ; 0.108 V                              ; 2.67e-10 s                  ; 2.75e-10 s                  ; No                         ; Yes                        ; 2.62 V                      ; 9.95e-08 V                  ; 2.78 V             ; -0.0452 V          ; 0.248 V                             ; 0.108 V                             ; 2.67e-10 s                 ; 2.75e-10 s                 ; No                        ; Yes                       ;
; INPUT[1]     ; 2.5 V        ; 0 s                 ; 0 s                 ; 2.62 V                       ; 9.95e-08 V                   ; 2.78 V              ; -0.0452 V           ; 0.248 V                              ; 0.108 V                              ; 2.67e-10 s                  ; 2.75e-10 s                  ; No                         ; Yes                        ; 2.62 V                      ; 9.95e-08 V                  ; 2.78 V             ; -0.0452 V          ; 0.248 V                             ; 0.108 V                             ; 2.67e-10 s                 ; 2.75e-10 s                 ; No                        ; Yes                       ;
; INPUT[0]     ; 2.5 V        ; 0 s                 ; 0 s                 ; 2.62 V                       ; 9.94e-08 V                   ; 2.78 V              ; -0.0444 V           ; 0.25 V                               ; 0.107 V                              ; 2.67e-10 s                  ; 2.75e-10 s                  ; No                         ; Yes                        ; 2.62 V                      ; 9.94e-08 V                  ; 2.78 V             ; -0.0444 V          ; 0.25 V                              ; 0.107 V                             ; 2.67e-10 s                 ; 2.75e-10 s                 ; No                        ; Yes                       ;
; A[14]        ; 2.5 V        ; 0 s                 ; 0 s                 ; 2.62 V                       ; 9.95e-08 V                   ; 2.78 V              ; -0.0452 V           ; 0.248 V                              ; 0.108 V                              ; 2.67e-10 s                  ; 2.75e-10 s                  ; No                         ; Yes                        ; 2.62 V                      ; 9.95e-08 V                  ; 2.78 V             ; -0.0452 V          ; 0.248 V                             ; 0.108 V                             ; 2.67e-10 s                 ; 2.75e-10 s                 ; No                        ; Yes                       ;
; A[13]        ; 2.5 V        ; 0 s                 ; 0 s                 ; 2.62 V                       ; 9.95e-08 V                   ; 2.78 V              ; -0.0452 V           ; 0.248 V                              ; 0.108 V                              ; 2.67e-10 s                  ; 2.75e-10 s                  ; No                         ; Yes                        ; 2.62 V                      ; 9.95e-08 V                  ; 2.78 V             ; -0.0452 V          ; 0.248 V                             ; 0.108 V                             ; 2.67e-10 s                 ; 2.75e-10 s                 ; No                        ; Yes                       ;
; A[12]        ; 2.5 V        ; 0 s                 ; 0 s                 ; 2.62 V                       ; 9.95e-08 V                   ; 2.78 V              ; -0.0452 V           ; 0.248 V                              ; 0.108 V                              ; 2.67e-10 s                  ; 2.75e-10 s                  ; No                         ; Yes                        ; 2.62 V                      ; 9.95e-08 V                  ; 2.78 V             ; -0.0452 V          ; 0.248 V                             ; 0.108 V                             ; 2.67e-10 s                 ; 2.75e-10 s                 ; No                        ; Yes                       ;
; A[11]        ; 2.5 V        ; 0 s                 ; 0 s                 ; 2.62 V                       ; 9.94e-08 V                   ; 2.78 V              ; -0.0444 V           ; 0.25 V                               ; 0.107 V                              ; 2.67e-10 s                  ; 2.75e-10 s                  ; No                         ; Yes                        ; 2.62 V                      ; 9.94e-08 V                  ; 2.78 V             ; -0.0444 V          ; 0.25 V                              ; 0.107 V                             ; 2.67e-10 s                 ; 2.75e-10 s                 ; No                        ; Yes                       ;
; A[10]        ; 2.5 V        ; 0 s                 ; 0 s                 ; 2.62 V                       ; 9.95e-08 V                   ; 2.77 V              ; -0.0486 V           ; 0.285 V                              ; 0.06 V                               ; 2.8e-10 s                   ; 3.04e-10 s                  ; No                         ; Yes                        ; 2.62 V                      ; 9.95e-08 V                  ; 2.77 V             ; -0.0486 V          ; 0.285 V                             ; 0.06 V                              ; 2.8e-10 s                  ; 3.04e-10 s                 ; No                        ; Yes                       ;
; A[9]         ; 2.5 V        ; 0 s                 ; 0 s                 ; 2.62 V                       ; 9.95e-08 V                   ; 2.78 V              ; -0.0452 V           ; 0.248 V                              ; 0.108 V                              ; 2.67e-10 s                  ; 2.75e-10 s                  ; No                         ; Yes                        ; 2.62 V                      ; 9.95e-08 V                  ; 2.78 V             ; -0.0452 V          ; 0.248 V                             ; 0.108 V                             ; 2.67e-10 s                 ; 2.75e-10 s                 ; No                        ; Yes                       ;
; A[8]         ; 2.5 V        ; 0 s                 ; 0 s                 ; 2.62 V                       ; 9.94e-08 V                   ; 2.78 V              ; -0.0444 V           ; 0.25 V                               ; 0.107 V                              ; 2.67e-10 s                  ; 2.75e-10 s                  ; No                         ; Yes                        ; 2.62 V                      ; 9.94e-08 V                  ; 2.78 V             ; -0.0444 V          ; 0.25 V                              ; 0.107 V                             ; 2.67e-10 s                 ; 2.75e-10 s                 ; No                        ; Yes                       ;
; A[7]         ; 2.5 V        ; 0 s                 ; 0 s                 ; 2.62 V                       ; 9.95e-08 V                   ; 2.78 V              ; -0.0452 V           ; 0.248 V                              ; 0.108 V                              ; 2.67e-10 s                  ; 2.75e-10 s                  ; No                         ; Yes                        ; 2.62 V                      ; 9.95e-08 V                  ; 2.78 V             ; -0.0452 V          ; 0.248 V                             ; 0.108 V                             ; 2.67e-10 s                 ; 2.75e-10 s                 ; No                        ; Yes                       ;
; A[6]         ; 2.5 V        ; 0 s                 ; 0 s                 ; 2.62 V                       ; 9.94e-08 V                   ; 2.78 V              ; -0.0444 V           ; 0.25 V                               ; 0.107 V                              ; 2.67e-10 s                  ; 2.75e-10 s                  ; No                         ; Yes                        ; 2.62 V                      ; 9.94e-08 V                  ; 2.78 V             ; -0.0444 V          ; 0.25 V                              ; 0.107 V                             ; 2.67e-10 s                 ; 2.75e-10 s                 ; No                        ; Yes                       ;
; A[5]         ; 2.5 V        ; 0 s                 ; 0 s                 ; 2.62 V                       ; 9.94e-08 V                   ; 2.78 V              ; -0.0444 V           ; 0.25 V                               ; 0.107 V                              ; 2.67e-10 s                  ; 2.75e-10 s                  ; No                         ; Yes                        ; 2.62 V                      ; 9.94e-08 V                  ; 2.78 V             ; -0.0444 V          ; 0.25 V                              ; 0.107 V                             ; 2.67e-10 s                 ; 2.75e-10 s                 ; No                        ; Yes                       ;
; A[4]         ; 2.5 V        ; 0 s                 ; 0 s                 ; 2.62 V                       ; 9.95e-08 V                   ; 2.77 V              ; -0.0486 V           ; 0.285 V                              ; 0.06 V                               ; 2.8e-10 s                   ; 3.04e-10 s                  ; No                         ; Yes                        ; 2.62 V                      ; 9.95e-08 V                  ; 2.77 V             ; -0.0486 V          ; 0.285 V                             ; 0.06 V                              ; 2.8e-10 s                  ; 3.04e-10 s                 ; No                        ; Yes                       ;
; A[3]         ; 2.5 V        ; 0 s                 ; 0 s                 ; 2.62 V                       ; 9.95e-08 V                   ; 2.77 V              ; -0.0486 V           ; 0.285 V                              ; 0.06 V                               ; 2.8e-10 s                   ; 3.04e-10 s                  ; No                         ; Yes                        ; 2.62 V                      ; 9.95e-08 V                  ; 2.77 V             ; -0.0486 V          ; 0.285 V                             ; 0.06 V                              ; 2.8e-10 s                  ; 3.04e-10 s                 ; No                        ; Yes                       ;
; A[2]         ; 2.5 V        ; 0 s                 ; 0 s                 ; 2.62 V                       ; 9.95e-08 V                   ; 2.78 V              ; -0.0452 V           ; 0.248 V                              ; 0.108 V                              ; 2.67e-10 s                  ; 2.75e-10 s                  ; No                         ; Yes                        ; 2.62 V                      ; 9.95e-08 V                  ; 2.78 V             ; -0.0452 V          ; 0.248 V                             ; 0.108 V                             ; 2.67e-10 s                 ; 2.75e-10 s                 ; No                        ; Yes                       ;
; A[1]         ; 2.5 V        ; 0 s                 ; 0 s                 ; 2.62 V                       ; 9.95e-08 V                   ; 2.78 V              ; -0.0452 V           ; 0.248 V                              ; 0.108 V                              ; 2.67e-10 s                  ; 2.75e-10 s                  ; No                         ; Yes                        ; 2.62 V                      ; 9.95e-08 V                  ; 2.78 V             ; -0.0452 V          ; 0.248 V                             ; 0.108 V                             ; 2.67e-10 s                 ; 2.75e-10 s                 ; No                        ; Yes                       ;
; A[0]         ; 2.5 V        ; 0 s                 ; 0 s                 ; 2.62 V                       ; 9.95e-08 V                   ; 2.78 V              ; -0.0452 V           ; 0.248 V                              ; 0.108 V                              ; 2.67e-10 s                  ; 2.75e-10 s                  ; No                         ; Yes                        ; 2.62 V                      ; 9.95e-08 V                  ; 2.78 V             ; -0.0452 V          ; 0.248 V                             ; 0.108 V                             ; 2.67e-10 s                 ; 2.75e-10 s                 ; No                        ; Yes                       ;
; PC_LD        ; 2.5 V        ; 0 s                 ; 0 s                 ; 2.62 V                       ; 9.95e-08 V                   ; 2.78 V              ; -0.0452 V           ; 0.248 V                              ; 0.108 V                              ; 2.67e-10 s                  ; 2.75e-10 s                  ; No                         ; Yes                        ; 2.62 V                      ; 9.95e-08 V                  ; 2.78 V             ; -0.0452 V          ; 0.248 V                             ; 0.108 V                             ; 2.67e-10 s                 ; 2.75e-10 s                 ; No                        ; Yes                       ;
; C_OUT        ; 2.5 V        ; 0 s                 ; 0 s                 ; 2.62 V                       ; 9.94e-08 V                   ; 2.77 V              ; -0.0485 V           ; 0.289 V                              ; 0.058 V                              ; 2.81e-10 s                  ; 3.04e-10 s                  ; No                         ; Yes                        ; 2.62 V                      ; 9.94e-08 V                  ; 2.77 V             ; -0.0485 V          ; 0.289 V                             ; 0.058 V                             ; 2.81e-10 s                 ; 3.04e-10 s                 ; No                        ; Yes                       ;
; MSA[1]       ; 2.5 V        ; 0 s                 ; 0 s                 ; 2.62 V                       ; 9.94e-08 V                   ; 2.78 V              ; -0.0444 V           ; 0.25 V                               ; 0.107 V                              ; 2.67e-10 s                  ; 2.75e-10 s                  ; No                         ; Yes                        ; 2.62 V                      ; 9.94e-08 V                  ; 2.78 V             ; -0.0444 V          ; 0.25 V                              ; 0.107 V                             ; 2.67e-10 s                 ; 2.75e-10 s                 ; No                        ; Yes                       ;
; MSA[0]       ; 2.5 V        ; 0 s                 ; 0 s                 ; 2.62 V                       ; 9.95e-08 V                   ; 2.78 V              ; -0.0452 V           ; 0.248 V                              ; 0.108 V                              ; 2.67e-10 s                  ; 2.75e-10 s                  ; No                         ; Yes                        ; 2.62 V                      ; 9.95e-08 V                  ; 2.78 V             ; -0.0452 V          ; 0.248 V                             ; 0.108 V                             ; 2.67e-10 s                 ; 2.75e-10 s                 ; No                        ; Yes                       ;
; MSB[1]       ; 2.5 V        ; 0 s                 ; 0 s                 ; 2.62 V                       ; 9.95e-08 V                   ; 2.78 V              ; -0.0452 V           ; 0.248 V                              ; 0.108 V                              ; 2.67e-10 s                  ; 2.75e-10 s                  ; No                         ; Yes                        ; 2.62 V                      ; 9.95e-08 V                  ; 2.78 V             ; -0.0452 V          ; 0.248 V                             ; 0.108 V                             ; 2.67e-10 s                 ; 2.75e-10 s                 ; No                        ; Yes                       ;
; MSB[0]       ; 2.5 V        ; 0 s                 ; 0 s                 ; 2.62 V                       ; 9.95e-08 V                   ; 2.78 V              ; -0.0452 V           ; 0.248 V                              ; 0.108 V                              ; 2.67e-10 s                  ; 2.75e-10 s                  ; No                         ; Yes                        ; 2.62 V                      ; 9.95e-08 V                  ; 2.78 V             ; -0.0452 V          ; 0.248 V                             ; 0.108 V                             ; 2.67e-10 s                 ; 2.75e-10 s                 ; No                        ; Yes                       ;
; MSC[2]       ; 2.5 V        ; 0 s                 ; 0 s                 ; 2.62 V                       ; 9.94e-08 V                   ; 2.78 V              ; -0.0444 V           ; 0.25 V                               ; 0.107 V                              ; 2.67e-10 s                  ; 2.75e-10 s                  ; No                         ; Yes                        ; 2.62 V                      ; 9.94e-08 V                  ; 2.78 V             ; -0.0444 V          ; 0.25 V                              ; 0.107 V                             ; 2.67e-10 s                 ; 2.75e-10 s                 ; No                        ; Yes                       ;
; MSC[1]       ; 2.5 V        ; 0 s                 ; 0 s                 ; 2.62 V                       ; 9.94e-08 V                   ; 2.78 V              ; -0.0444 V           ; 0.25 V                               ; 0.107 V                              ; 2.67e-10 s                  ; 2.75e-10 s                  ; No                         ; Yes                        ; 2.62 V                      ; 9.94e-08 V                  ; 2.78 V             ; -0.0444 V          ; 0.25 V                              ; 0.107 V                             ; 2.67e-10 s                 ; 2.75e-10 s                 ; No                        ; Yes                       ;
; MSC[0]       ; 2.5 V        ; 0 s                 ; 0 s                 ; 2.62 V                       ; 9.94e-08 V                   ; 2.78 V              ; -0.0444 V           ; 0.25 V                               ; 0.107 V                              ; 2.67e-10 s                  ; 2.75e-10 s                  ; No                         ; Yes                        ; 2.62 V                      ; 9.94e-08 V                  ; 2.78 V             ; -0.0444 V          ; 0.25 V                              ; 0.107 V                             ; 2.67e-10 s                 ; 2.75e-10 s                 ; No                        ; Yes                       ;
; AA_L         ; 2.5 V        ; 0 s                 ; 0 s                 ; 2.62 V                       ; 9.94e-08 V                   ; 2.78 V              ; -0.0444 V           ; 0.25 V                               ; 0.107 V                              ; 2.67e-10 s                  ; 2.75e-10 s                  ; No                         ; Yes                        ; 2.62 V                      ; 9.94e-08 V                  ; 2.78 V             ; -0.0444 V          ; 0.25 V                              ; 0.107 V                             ; 2.67e-10 s                 ; 2.75e-10 s                 ; No                        ; Yes                       ;
; REGA[3]      ; 2.5 V        ; 0 s                 ; 0 s                 ; 2.62 V                       ; 9.94e-08 V                   ; 2.78 V              ; -0.0444 V           ; 0.25 V                               ; 0.107 V                              ; 2.67e-10 s                  ; 2.75e-10 s                  ; No                         ; Yes                        ; 2.62 V                      ; 9.94e-08 V                  ; 2.78 V             ; -0.0444 V          ; 0.25 V                              ; 0.107 V                             ; 2.67e-10 s                 ; 2.75e-10 s                 ; No                        ; Yes                       ;
; REGA[2]      ; 2.5 V        ; 0 s                 ; 0 s                 ; 2.62 V                       ; 9.95e-08 V                   ; 2.78 V              ; -0.0452 V           ; 0.248 V                              ; 0.108 V                              ; 2.67e-10 s                  ; 2.75e-10 s                  ; No                         ; Yes                        ; 2.62 V                      ; 9.95e-08 V                  ; 2.78 V             ; -0.0452 V          ; 0.248 V                             ; 0.108 V                             ; 2.67e-10 s                 ; 2.75e-10 s                 ; No                        ; Yes                       ;
; REGA[1]      ; 2.5 V        ; 0 s                 ; 0 s                 ; 2.62 V                       ; 9.95e-08 V                   ; 2.78 V              ; -0.0452 V           ; 0.248 V                              ; 0.108 V                              ; 2.67e-10 s                  ; 2.75e-10 s                  ; No                         ; Yes                        ; 2.62 V                      ; 9.95e-08 V                  ; 2.78 V             ; -0.0452 V          ; 0.248 V                             ; 0.108 V                             ; 2.67e-10 s                 ; 2.75e-10 s                 ; No                        ; Yes                       ;
; REGA[0]      ; 2.5 V        ; 0 s                 ; 0 s                 ; 2.62 V                       ; 9.95e-08 V                   ; 2.78 V              ; -0.0452 V           ; 0.248 V                              ; 0.108 V                              ; 2.67e-10 s                  ; 2.75e-10 s                  ; No                         ; Yes                        ; 2.62 V                      ; 9.95e-08 V                  ; 2.78 V             ; -0.0452 V          ; 0.248 V                             ; 0.108 V                             ; 2.67e-10 s                 ; 2.75e-10 s                 ; No                        ; Yes                       ;
; AB_L         ; 2.5 V        ; 0 s                 ; 0 s                 ; 2.62 V                       ; 9.95e-08 V                   ; 2.78 V              ; -0.0452 V           ; 0.248 V                              ; 0.108 V                              ; 2.67e-10 s                  ; 2.75e-10 s                  ; No                         ; Yes                        ; 2.62 V                      ; 9.95e-08 V                  ; 2.78 V             ; -0.0452 V          ; 0.248 V                             ; 0.108 V                             ; 2.67e-10 s                 ; 2.75e-10 s                 ; No                        ; Yes                       ;
; AC_L         ; 2.5 V        ; 0 s                 ; 0 s                 ; 2.62 V                       ; 9.95e-08 V                   ; 2.78 V              ; -0.0452 V           ; 0.248 V                              ; 0.108 V                              ; 2.67e-10 s                  ; 2.75e-10 s                  ; No                         ; Yes                        ; 2.62 V                      ; 9.95e-08 V                  ; 2.78 V             ; -0.0452 V          ; 0.248 V                             ; 0.108 V                             ; 2.67e-10 s                 ; 2.75e-10 s                 ; No                        ; Yes                       ;
; AD_L         ; 2.5 V        ; 0 s                 ; 0 s                 ; 2.62 V                       ; 9.94e-08 V                   ; 2.78 V              ; -0.0444 V           ; 0.25 V                               ; 0.107 V                              ; 2.67e-10 s                  ; 2.75e-10 s                  ; No                         ; Yes                        ; 2.62 V                      ; 9.94e-08 V                  ; 2.78 V             ; -0.0444 V          ; 0.25 V                              ; 0.107 V                             ; 2.67e-10 s                 ; 2.75e-10 s                 ; No                        ; Yes                       ;
; AE_L         ; 2.5 V        ; 0 s                 ; 0 s                 ; 2.62 V                       ; 9.94e-08 V                   ; 2.78 V              ; -0.0444 V           ; 0.25 V                               ; 0.107 V                              ; 2.67e-10 s                  ; 2.75e-10 s                  ; No                         ; Yes                        ; 2.62 V                      ; 9.94e-08 V                  ; 2.78 V             ; -0.0444 V          ; 0.25 V                              ; 0.107 V                             ; 2.67e-10 s                 ; 2.75e-10 s                 ; No                        ; Yes                       ;
; AF_L         ; 2.5 V        ; 0 s                 ; 0 s                 ; 2.62 V                       ; 9.94e-08 V                   ; 2.78 V              ; -0.0444 V           ; 0.25 V                               ; 0.107 V                              ; 2.67e-10 s                  ; 2.75e-10 s                  ; No                         ; Yes                        ; 2.62 V                      ; 9.94e-08 V                  ; 2.78 V             ; -0.0444 V          ; 0.25 V                              ; 0.107 V                             ; 2.67e-10 s                 ; 2.75e-10 s                 ; No                        ; Yes                       ;
; AG_L         ; 2.5 V        ; 0 s                 ; 0 s                 ; 2.62 V                       ; 9.95e-08 V                   ; 2.78 V              ; -0.0452 V           ; 0.248 V                              ; 0.108 V                              ; 2.67e-10 s                  ; 2.75e-10 s                  ; No                         ; Yes                        ; 2.62 V                      ; 9.95e-08 V                  ; 2.78 V             ; -0.0452 V          ; 0.248 V                             ; 0.108 V                             ; 2.67e-10 s                 ; 2.75e-10 s                 ; No                        ; Yes                       ;
; BA_L         ; 2.5 V        ; 0 s                 ; 0 s                 ; 2.62 V                       ; 9.94e-08 V                   ; 2.78 V              ; -0.0444 V           ; 0.25 V                               ; 0.107 V                              ; 2.67e-10 s                  ; 2.75e-10 s                  ; No                         ; Yes                        ; 2.62 V                      ; 9.94e-08 V                  ; 2.78 V             ; -0.0444 V          ; 0.25 V                              ; 0.107 V                             ; 2.67e-10 s                 ; 2.75e-10 s                 ; No                        ; Yes                       ;
; REGB[3]      ; 2.5 V        ; 0 s                 ; 0 s                 ; 2.62 V                       ; 9.94e-08 V                   ; 2.78 V              ; -0.0444 V           ; 0.25 V                               ; 0.107 V                              ; 2.67e-10 s                  ; 2.75e-10 s                  ; No                         ; Yes                        ; 2.62 V                      ; 9.94e-08 V                  ; 2.78 V             ; -0.0444 V          ; 0.25 V                              ; 0.107 V                             ; 2.67e-10 s                 ; 2.75e-10 s                 ; No                        ; Yes                       ;
; REGB[2]      ; 2.5 V        ; 0 s                 ; 0 s                 ; 2.62 V                       ; 9.95e-08 V                   ; 2.78 V              ; -0.0452 V           ; 0.248 V                              ; 0.108 V                              ; 2.67e-10 s                  ; 2.75e-10 s                  ; No                         ; Yes                        ; 2.62 V                      ; 9.95e-08 V                  ; 2.78 V             ; -0.0452 V          ; 0.248 V                             ; 0.108 V                             ; 2.67e-10 s                 ; 2.75e-10 s                 ; No                        ; Yes                       ;
; REGB[1]      ; 2.5 V        ; 0 s                 ; 0 s                 ; 2.62 V                       ; 9.95e-08 V                   ; 2.78 V              ; -0.0452 V           ; 0.248 V                              ; 0.108 V                              ; 2.67e-10 s                  ; 2.75e-10 s                  ; No                         ; Yes                        ; 2.62 V                      ; 9.95e-08 V                  ; 2.78 V             ; -0.0452 V          ; 0.248 V                             ; 0.108 V                             ; 2.67e-10 s                 ; 2.75e-10 s                 ; No                        ; Yes                       ;
; REGB[0]      ; 2.5 V        ; 0 s                 ; 0 s                 ; 2.62 V                       ; 9.95e-08 V                   ; 2.78 V              ; -0.0452 V           ; 0.248 V                              ; 0.108 V                              ; 2.67e-10 s                  ; 2.75e-10 s                  ; No                         ; Yes                        ; 2.62 V                      ; 9.95e-08 V                  ; 2.78 V             ; -0.0452 V          ; 0.248 V                             ; 0.108 V                             ; 2.67e-10 s                 ; 2.75e-10 s                 ; No                        ; Yes                       ;
; BB_L         ; 2.5 V        ; 0 s                 ; 0 s                 ; 2.62 V                       ; 9.94e-08 V                   ; 2.78 V              ; -0.0444 V           ; 0.25 V                               ; 0.107 V                              ; 2.67e-10 s                  ; 2.75e-10 s                  ; No                         ; Yes                        ; 2.62 V                      ; 9.94e-08 V                  ; 2.78 V             ; -0.0444 V          ; 0.25 V                              ; 0.107 V                             ; 2.67e-10 s                 ; 2.75e-10 s                 ; No                        ; Yes                       ;
; BC_L         ; 2.5 V        ; 0 s                 ; 0 s                 ; 2.62 V                       ; 9.95e-08 V                   ; 2.78 V              ; -0.0452 V           ; 0.248 V                              ; 0.108 V                              ; 2.67e-10 s                  ; 2.75e-10 s                  ; No                         ; Yes                        ; 2.62 V                      ; 9.95e-08 V                  ; 2.78 V             ; -0.0452 V          ; 0.248 V                             ; 0.108 V                             ; 2.67e-10 s                 ; 2.75e-10 s                 ; No                        ; Yes                       ;
; BD_L         ; 2.5 V        ; 0 s                 ; 0 s                 ; 2.62 V                       ; 9.94e-08 V                   ; 2.78 V              ; -0.0444 V           ; 0.25 V                               ; 0.107 V                              ; 2.67e-10 s                  ; 2.75e-10 s                  ; No                         ; Yes                        ; 2.62 V                      ; 9.94e-08 V                  ; 2.78 V             ; -0.0444 V          ; 0.25 V                              ; 0.107 V                             ; 2.67e-10 s                 ; 2.75e-10 s                 ; No                        ; Yes                       ;
; BE_L         ; 2.5 V        ; 0 s                 ; 0 s                 ; 2.62 V                       ; 9.95e-08 V                   ; 2.78 V              ; -0.0452 V           ; 0.248 V                              ; 0.108 V                              ; 2.67e-10 s                  ; 2.75e-10 s                  ; No                         ; Yes                        ; 2.62 V                      ; 9.95e-08 V                  ; 2.78 V             ; -0.0452 V          ; 0.248 V                             ; 0.108 V                             ; 2.67e-10 s                 ; 2.75e-10 s                 ; No                        ; Yes                       ;
; BF_L         ; 2.5 V        ; 0 s                 ; 0 s                 ; 2.62 V                       ; 9.94e-08 V                   ; 2.78 V              ; -0.0444 V           ; 0.25 V                               ; 0.107 V                              ; 2.67e-10 s                  ; 2.75e-10 s                  ; No                         ; Yes                        ; 2.62 V                      ; 9.94e-08 V                  ; 2.78 V             ; -0.0444 V          ; 0.25 V                              ; 0.107 V                             ; 2.67e-10 s                 ; 2.75e-10 s                 ; No                        ; Yes                       ;
; BG_L         ; 2.5 V        ; 0 s                 ; 0 s                 ; 2.62 V                       ; 9.95e-08 V                   ; 2.78 V              ; -0.0452 V           ; 0.248 V                              ; 0.108 V                              ; 2.67e-10 s                  ; 2.75e-10 s                  ; No                         ; Yes                        ; 2.62 V                      ; 9.95e-08 V                  ; 2.78 V             ; -0.0452 V          ; 0.248 V                             ; 0.108 V                             ; 2.67e-10 s                 ; 2.75e-10 s                 ; No                        ; Yes                       ;
; OUTPUT[3]    ; 2.5 V        ; 0 s                 ; 0 s                 ; 2.62 V                       ; 9.95e-08 V                   ; 2.78 V              ; -0.0452 V           ; 0.248 V                              ; 0.108 V                              ; 2.67e-10 s                  ; 2.75e-10 s                  ; No                         ; Yes                        ; 2.62 V                      ; 9.95e-08 V                  ; 2.78 V             ; -0.0452 V          ; 0.248 V                             ; 0.108 V                             ; 2.67e-10 s                 ; 2.75e-10 s                 ; No                        ; Yes                       ;
; OUTPUT[2]    ; 2.5 V        ; 0 s                 ; 0 s                 ; 2.62 V                       ; 9.94e-08 V                   ; 2.78 V              ; -0.0444 V           ; 0.25 V                               ; 0.107 V                              ; 2.67e-10 s                  ; 2.75e-10 s                  ; No                         ; Yes                        ; 2.62 V                      ; 9.94e-08 V                  ; 2.78 V             ; -0.0444 V          ; 0.25 V                              ; 0.107 V                             ; 2.67e-10 s                 ; 2.75e-10 s                 ; No                        ; Yes                       ;
; OUTPUT[1]    ; 2.5 V        ; 0 s                 ; 0 s                 ; 2.62 V                       ; 9.94e-08 V                   ; 2.78 V              ; -0.0444 V           ; 0.25 V                               ; 0.107 V                              ; 2.67e-10 s                  ; 2.75e-10 s                  ; No                         ; Yes                        ; 2.62 V                      ; 9.94e-08 V                  ; 2.78 V             ; -0.0444 V          ; 0.25 V                              ; 0.107 V                             ; 2.67e-10 s                 ; 2.75e-10 s                 ; No                        ; Yes                       ;
; OUTPUT[0]    ; 2.5 V        ; 0 s                 ; 0 s                 ; 2.62 V                       ; 9.95e-08 V                   ; 2.64 V              ; -0.00893 V          ; 0.249 V                              ; 0.203 V                              ; 3.12e-09 s                  ; 3.02e-09 s                  ; No                         ; Yes                        ; 2.62 V                      ; 9.95e-08 V                  ; 2.64 V             ; -0.00893 V         ; 0.249 V                             ; 0.203 V                             ; 3.12e-09 s                 ; 3.02e-09 s                 ; No                        ; Yes                       ;
; PC[3]        ; 2.5 V        ; 0 s                 ; 0 s                 ; 2.62 V                       ; 9.94e-08 V                   ; 2.78 V              ; -0.0444 V           ; 0.25 V                               ; 0.107 V                              ; 2.67e-10 s                  ; 2.75e-10 s                  ; No                         ; Yes                        ; 2.62 V                      ; 9.94e-08 V                  ; 2.78 V             ; -0.0444 V          ; 0.25 V                              ; 0.107 V                             ; 2.67e-10 s                 ; 2.75e-10 s                 ; No                        ; Yes                       ;
; PC[2]        ; 2.5 V        ; 0 s                 ; 0 s                 ; 2.62 V                       ; 9.95e-08 V                   ; 2.78 V              ; -0.0452 V           ; 0.248 V                              ; 0.108 V                              ; 2.67e-10 s                  ; 2.75e-10 s                  ; No                         ; Yes                        ; 2.62 V                      ; 9.95e-08 V                  ; 2.78 V             ; -0.0452 V          ; 0.248 V                             ; 0.108 V                             ; 2.67e-10 s                 ; 2.75e-10 s                 ; No                        ; Yes                       ;
; PC[1]        ; 2.5 V        ; 0 s                 ; 0 s                 ; 2.62 V                       ; 9.95e-08 V                   ; 2.78 V              ; -0.0452 V           ; 0.248 V                              ; 0.108 V                              ; 2.67e-10 s                  ; 2.75e-10 s                  ; No                         ; Yes                        ; 2.62 V                      ; 9.95e-08 V                  ; 2.78 V             ; -0.0452 V          ; 0.248 V                             ; 0.108 V                             ; 2.67e-10 s                 ; 2.75e-10 s                 ; No                        ; Yes                       ;
; PC[0]        ; 2.5 V        ; 0 s                 ; 0 s                 ; 2.62 V                       ; 9.94e-08 V                   ; 2.78 V              ; -0.0444 V           ; 0.25 V                               ; 0.107 V                              ; 2.67e-10 s                  ; 2.75e-10 s                  ; No                         ; Yes                        ; 2.62 V                      ; 9.94e-08 V                  ; 2.78 V             ; -0.0444 V          ; 0.25 V                              ; 0.107 V                             ; 2.67e-10 s                 ; 2.75e-10 s                 ; No                        ; Yes                       ;
; Q[1]         ; 2.5 V        ; 0 s                 ; 0 s                 ; 2.62 V                       ; 9.95e-08 V                   ; 2.78 V              ; -0.0452 V           ; 0.248 V                              ; 0.108 V                              ; 2.67e-10 s                  ; 2.75e-10 s                  ; No                         ; Yes                        ; 2.62 V                      ; 9.95e-08 V                  ; 2.78 V             ; -0.0452 V          ; 0.248 V                             ; 0.108 V                             ; 2.67e-10 s                 ; 2.75e-10 s                 ; No                        ; Yes                       ;
; Q[0]         ; 2.5 V        ; 0 s                 ; 0 s                 ; 2.62 V                       ; 9.95e-08 V                   ; 2.78 V              ; -0.0452 V           ; 0.248 V                              ; 0.108 V                              ; 2.67e-10 s                  ; 2.75e-10 s                  ; No                         ; Yes                        ; 2.62 V                      ; 9.95e-08 V                  ; 2.78 V             ; -0.0452 V          ; 0.248 V                             ; 0.108 V                             ; 2.67e-10 s                 ; 2.75e-10 s                 ; No                        ; Yes                       ;
; ~ALTERA_TDO~ ; 2.5 V        ; 0 s                 ; 0 s                 ; 2.62 V                       ; 1.68e-07 V                   ; 2.73 V              ; -0.0395 V           ; 0.361 V                              ; 0.109 V                              ; 3.11e-10 s                  ; 4.41e-10 s                  ; No                         ; Yes                        ; 2.62 V                      ; 1.68e-07 V                  ; 2.73 V             ; -0.0395 V          ; 0.361 V                             ; 0.109 V                             ; 3.11e-10 s                 ; 4.41e-10 s                 ; No                        ; Yes                       ;
+--------------+--------------+---------------------+---------------------+------------------------------+------------------------------+---------------------+---------------------+--------------------------------------+--------------------------------------+-----------------------------+-----------------------------+----------------------------+----------------------------+-----------------------------+-----------------------------+--------------------+--------------------+-------------------------------------+-------------------------------------+----------------------------+----------------------------+---------------------------+---------------------------+


+-------------------------------------------------------------------+
; Setup Transfers                                                   ;
+------------+----------+----------+----------+----------+----------+
; From Clock ; To Clock ; RR Paths ; FR Paths ; RF Paths ; FF Paths ;
+------------+----------+----------+----------+----------+----------+
; inst7      ; inst7    ; 384      ; 0        ; 0        ; 0        ;
; MEMCLK     ; inst7    ; 15       ; 0        ; 0        ; 0        ;
; inst7      ; MEMCLK   ; 1        ; 1        ; 0        ; 0        ;
+------------+----------+----------+----------+----------+----------+
Entries labeled "false path" only account for clock-to-clock false paths and not path-based false paths. As a result, actual path counts may be lower than reported.


+-------------------------------------------------------------------+
; Hold Transfers                                                    ;
+------------+----------+----------+----------+----------+----------+
; From Clock ; To Clock ; RR Paths ; FR Paths ; RF Paths ; FF Paths ;
+------------+----------+----------+----------+----------+----------+
; inst7      ; inst7    ; 384      ; 0        ; 0        ; 0        ;
; MEMCLK     ; inst7    ; 15       ; 0        ; 0        ; 0        ;
; inst7      ; MEMCLK   ; 1        ; 1        ; 0        ; 0        ;
+------------+----------+----------+----------+----------+----------+
Entries labeled "false path" only account for clock-to-clock false paths and not path-based false paths. As a result, actual path counts may be lower than reported.


---------------
; Report TCCS ;
---------------
No dedicated SERDES Transmitter circuitry present in device or used in design


---------------
; Report RSKM ;
---------------
No non-DPA dedicated SERDES Receiver circuitry present in device or used in design


+------------------------------------------------+
; Unconstrained Paths Summary                    ;
+---------------------------------+-------+------+
; Property                        ; Setup ; Hold ;
+---------------------------------+-------+------+
; Illegal Clocks                  ; 0     ; 0    ;
; Unconstrained Clocks            ; 0     ; 0    ;
; Unconstrained Input Ports       ; 3     ; 3    ;
; Unconstrained Input Port Paths  ; 49    ; 49   ;
; Unconstrained Output Ports      ; 59    ; 59   ;
; Unconstrained Output Port Paths ; 198   ; 198  ;
+---------------------------------+-------+------+


+--------------------------------------+
; Clock Status Summary                 ;
+--------+--------+------+-------------+
; Target ; Clock  ; Type ; Status      ;
+--------+--------+------+-------------+
; MEMCLK ; MEMCLK ; Base ; Constrained ;
; inst7  ; inst7  ; Base ; Constrained ;
+--------+--------+------+-------------+


+---------------------------------------------------------------------------------------------------+
; Unconstrained Input Ports                                                                         ;
+------------+--------------------------------------------------------------------------------------+
; Input Port ; Comment                                                                              ;
+------------+--------------------------------------------------------------------------------------+
; C_IN       ; No input delay, min/max delays, false-path exceptions, or max skew assignments found ;
; RESET_L    ; No input delay, min/max delays, false-path exceptions, or max skew assignments found ;
; T_L        ; No input delay, min/max delays, false-path exceptions, or max skew assignments found ;
+------------+--------------------------------------------------------------------------------------+


+-----------------------------------------------------------------------------------------------------+
; Unconstrained Output Ports                                                                          ;
+-------------+---------------------------------------------------------------------------------------+
; Output Port ; Comment                                                                               ;
+-------------+---------------------------------------------------------------------------------------+
; AA_L        ; No output delay, min/max delays, false-path exceptions, or max skew assignments found ;
; AB_L        ; No output delay, min/max delays, false-path exceptions, or max skew assignments found ;
; AC_L        ; No output delay, min/max delays, false-path exceptions, or max skew assignments found ;
; AD_L        ; No output delay, min/max delays, false-path exceptions, or max skew assignments found ;
; AE_L        ; No output delay, min/max delays, false-path exceptions, or max skew assignments found ;
; AF_L        ; No output delay, min/max delays, false-path exceptions, or max skew assignments found ;
; AG_L        ; No output delay, min/max delays, false-path exceptions, or max skew assignments found ;
; A[0]        ; No output delay, min/max delays, false-path exceptions, or max skew assignments found ;
; A[1]        ; No output delay, min/max delays, false-path exceptions, or max skew assignments found ;
; A[2]        ; No output delay, min/max delays, false-path exceptions, or max skew assignments found ;
; A[3]        ; No output delay, min/max delays, false-path exceptions, or max skew assignments found ;
; BA_L        ; No output delay, min/max delays, false-path exceptions, or max skew assignments found ;
; BB_L        ; No output delay, min/max delays, false-path exceptions, or max skew assignments found ;
; BC_L        ; No output delay, min/max delays, false-path exceptions, or max skew assignments found ;
; BD_L        ; No output delay, min/max delays, false-path exceptions, or max skew assignments found ;
; BE_L        ; No output delay, min/max delays, false-path exceptions, or max skew assignments found ;
; BF_L        ; No output delay, min/max delays, false-path exceptions, or max skew assignments found ;
; BG_L        ; No output delay, min/max delays, false-path exceptions, or max skew assignments found ;
; C_OUT       ; No output delay, min/max delays, false-path exceptions, or max skew assignments found ;
; INPUT[0]    ; No output delay, min/max delays, false-path exceptions, or max skew assignments found ;
; INPUT[1]    ; No output delay, min/max delays, false-path exceptions, or max skew assignments found ;
; INPUT[2]    ; No output delay, min/max delays, false-path exceptions, or max skew assignments found ;
; INPUT[3]    ; No output delay, min/max delays, false-path exceptions, or max skew assignments found ;
; INPUT[4]    ; No output delay, min/max delays, false-path exceptions, or max skew assignments found ;
; INPUT[5]    ; No output delay, min/max delays, false-path exceptions, or max skew assignments found ;
; INPUT[6]    ; No output delay, min/max delays, false-path exceptions, or max skew assignments found ;
; INPUT[7]    ; No output delay, min/max delays, false-path exceptions, or max skew assignments found ;
; IR[0]       ; No output delay, min/max delays, false-path exceptions, or max skew assignments found ;
; IR[1]       ; No output delay, min/max delays, false-path exceptions, or max skew assignments found ;
; IR[2]       ; No output delay, min/max delays, false-path exceptions, or max skew assignments found ;
; IR_LD       ; No output delay, min/max delays, false-path exceptions, or max skew assignments found ;
; MSA[0]      ; No output delay, min/max delays, false-path exceptions, or max skew assignments found ;
; MSA[1]      ; No output delay, min/max delays, false-path exceptions, or max skew assignments found ;
; MSB[0]      ; No output delay, min/max delays, false-path exceptions, or max skew assignments found ;
; MSB[1]      ; No output delay, min/max delays, false-path exceptions, or max skew assignments found ;
; MSC[0]      ; No output delay, min/max delays, false-path exceptions, or max skew assignments found ;
; MSC[1]      ; No output delay, min/max delays, false-path exceptions, or max skew assignments found ;
; MSC[2]      ; No output delay, min/max delays, false-path exceptions, or max skew assignments found ;
; OUTPUT[0]   ; No output delay, min/max delays, false-path exceptions, or max skew assignments found ;
; OUTPUT[1]   ; No output delay, min/max delays, false-path exceptions, or max skew assignments found ;
; OUTPUT[2]   ; No output delay, min/max delays, false-path exceptions, or max skew assignments found ;
; OUTPUT[3]   ; No output delay, min/max delays, false-path exceptions, or max skew assignments found ;
; PC[0]       ; No output delay, min/max delays, false-path exceptions, or max skew assignments found ;
; PC[1]       ; No output delay, min/max delays, false-path exceptions, or max skew assignments found ;
; PC[2]       ; No output delay, min/max delays, false-path exceptions, or max skew assignments found ;
; PC[3]       ; No output delay, min/max delays, false-path exceptions, or max skew assignments found ;
; PC_INC      ; No output delay, min/max delays, false-path exceptions, or max skew assignments found ;
; PC_LD       ; No output delay, min/max delays, false-path exceptions, or max skew assignments found ;
; Q[0]        ; No output delay, min/max delays, false-path exceptions, or max skew assignments found ;
; Q[1]        ; No output delay, min/max delays, false-path exceptions, or max skew assignments found ;
; RCO         ; No output delay, min/max delays, false-path exceptions, or max skew assignments found ;
; REGA[0]     ; No output delay, min/max delays, false-path exceptions, or max skew assignments found ;
; REGA[1]     ; No output delay, min/max delays, false-path exceptions, or max skew assignments found ;
; REGA[2]     ; No output delay, min/max delays, false-path exceptions, or max skew assignments found ;
; REGA[3]     ; No output delay, min/max delays, false-path exceptions, or max skew assignments found ;
; REGB[0]     ; No output delay, min/max delays, false-path exceptions, or max skew assignments found ;
; REGB[1]     ; No output delay, min/max delays, false-path exceptions, or max skew assignments found ;
; REGB[2]     ; No output delay, min/max delays, false-path exceptions, or max skew assignments found ;
; REGB[3]     ; No output delay, min/max delays, false-path exceptions, or max skew assignments found ;
+-------------+---------------------------------------------------------------------------------------+


+---------------------------------------------------------------------------------------------------+
; Unconstrained Input Ports                                                                         ;
+------------+--------------------------------------------------------------------------------------+
; Input Port ; Comment                                                                              ;
+------------+--------------------------------------------------------------------------------------+
; C_IN       ; No input delay, min/max delays, false-path exceptions, or max skew assignments found ;
; RESET_L    ; No input delay, min/max delays, false-path exceptions, or max skew assignments found ;
; T_L        ; No input delay, min/max delays, false-path exceptions, or max skew assignments found ;
+------------+--------------------------------------------------------------------------------------+


+-----------------------------------------------------------------------------------------------------+
; Unconstrained Output Ports                                                                          ;
+-------------+---------------------------------------------------------------------------------------+
; Output Port ; Comment                                                                               ;
+-------------+---------------------------------------------------------------------------------------+
; AA_L        ; No output delay, min/max delays, false-path exceptions, or max skew assignments found ;
; AB_L        ; No output delay, min/max delays, false-path exceptions, or max skew assignments found ;
; AC_L        ; No output delay, min/max delays, false-path exceptions, or max skew assignments found ;
; AD_L        ; No output delay, min/max delays, false-path exceptions, or max skew assignments found ;
; AE_L        ; No output delay, min/max delays, false-path exceptions, or max skew assignments found ;
; AF_L        ; No output delay, min/max delays, false-path exceptions, or max skew assignments found ;
; AG_L        ; No output delay, min/max delays, false-path exceptions, or max skew assignments found ;
; A[0]        ; No output delay, min/max delays, false-path exceptions, or max skew assignments found ;
; A[1]        ; No output delay, min/max delays, false-path exceptions, or max skew assignments found ;
; A[2]        ; No output delay, min/max delays, false-path exceptions, or max skew assignments found ;
; A[3]        ; No output delay, min/max delays, false-path exceptions, or max skew assignments found ;
; BA_L        ; No output delay, min/max delays, false-path exceptions, or max skew assignments found ;
; BB_L        ; No output delay, min/max delays, false-path exceptions, or max skew assignments found ;
; BC_L        ; No output delay, min/max delays, false-path exceptions, or max skew assignments found ;
; BD_L        ; No output delay, min/max delays, false-path exceptions, or max skew assignments found ;
; BE_L        ; No output delay, min/max delays, false-path exceptions, or max skew assignments found ;
; BF_L        ; No output delay, min/max delays, false-path exceptions, or max skew assignments found ;
; BG_L        ; No output delay, min/max delays, false-path exceptions, or max skew assignments found ;
; C_OUT       ; No output delay, min/max delays, false-path exceptions, or max skew assignments found ;
; INPUT[0]    ; No output delay, min/max delays, false-path exceptions, or max skew assignments found ;
; INPUT[1]    ; No output delay, min/max delays, false-path exceptions, or max skew assignments found ;
; INPUT[2]    ; No output delay, min/max delays, false-path exceptions, or max skew assignments found ;
; INPUT[3]    ; No output delay, min/max delays, false-path exceptions, or max skew assignments found ;
; INPUT[4]    ; No output delay, min/max delays, false-path exceptions, or max skew assignments found ;
; INPUT[5]    ; No output delay, min/max delays, false-path exceptions, or max skew assignments found ;
; INPUT[6]    ; No output delay, min/max delays, false-path exceptions, or max skew assignments found ;
; INPUT[7]    ; No output delay, min/max delays, false-path exceptions, or max skew assignments found ;
; IR[0]       ; No output delay, min/max delays, false-path exceptions, or max skew assignments found ;
; IR[1]       ; No output delay, min/max delays, false-path exceptions, or max skew assignments found ;
; IR[2]       ; No output delay, min/max delays, false-path exceptions, or max skew assignments found ;
; IR_LD       ; No output delay, min/max delays, false-path exceptions, or max skew assignments found ;
; MSA[0]      ; No output delay, min/max delays, false-path exceptions, or max skew assignments found ;
; MSA[1]      ; No output delay, min/max delays, false-path exceptions, or max skew assignments found ;
; MSB[0]      ; No output delay, min/max delays, false-path exceptions, or max skew assignments found ;
; MSB[1]      ; No output delay, min/max delays, false-path exceptions, or max skew assignments found ;
; MSC[0]      ; No output delay, min/max delays, false-path exceptions, or max skew assignments found ;
; MSC[1]      ; No output delay, min/max delays, false-path exceptions, or max skew assignments found ;
; MSC[2]      ; No output delay, min/max delays, false-path exceptions, or max skew assignments found ;
; OUTPUT[0]   ; No output delay, min/max delays, false-path exceptions, or max skew assignments found ;
; OUTPUT[1]   ; No output delay, min/max delays, false-path exceptions, or max skew assignments found ;
; OUTPUT[2]   ; No output delay, min/max delays, false-path exceptions, or max skew assignments found ;
; OUTPUT[3]   ; No output delay, min/max delays, false-path exceptions, or max skew assignments found ;
; PC[0]       ; No output delay, min/max delays, false-path exceptions, or max skew assignments found ;
; PC[1]       ; No output delay, min/max delays, false-path exceptions, or max skew assignments found ;
; PC[2]       ; No output delay, min/max delays, false-path exceptions, or max skew assignments found ;
; PC[3]       ; No output delay, min/max delays, false-path exceptions, or max skew assignments found ;
; PC_INC      ; No output delay, min/max delays, false-path exceptions, or max skew assignments found ;
; PC_LD       ; No output delay, min/max delays, false-path exceptions, or max skew assignments found ;
; Q[0]        ; No output delay, min/max delays, false-path exceptions, or max skew assignments found ;
; Q[1]        ; No output delay, min/max delays, false-path exceptions, or max skew assignments found ;
; RCO         ; No output delay, min/max delays, false-path exceptions, or max skew assignments found ;
; REGA[0]     ; No output delay, min/max delays, false-path exceptions, or max skew assignments found ;
; REGA[1]     ; No output delay, min/max delays, false-path exceptions, or max skew assignments found ;
; REGA[2]     ; No output delay, min/max delays, false-path exceptions, or max skew assignments found ;
; REGA[3]     ; No output delay, min/max delays, false-path exceptions, or max skew assignments found ;
; REGB[0]     ; No output delay, min/max delays, false-path exceptions, or max skew assignments found ;
; REGB[1]     ; No output delay, min/max delays, false-path exceptions, or max skew assignments found ;
; REGB[2]     ; No output delay, min/max delays, false-path exceptions, or max skew assignments found ;
; REGB[3]     ; No output delay, min/max delays, false-path exceptions, or max skew assignments found ;
+-------------+---------------------------------------------------------------------------------------+


+--------------------------+
; Timing Analyzer Messages ;
+--------------------------+
Info: *******************************************************************
Info: Running Quartus Prime Timing Analyzer
    Info: Version 25.1std.0 Build 1129 10/21/2025 SC Lite Edition
    Info: Processing started: Mon Apr 20 21:13:02 2026
Info: Command: quartus_sta Lab6_PART2 -c Lab6_PART2
Info: qsta_default_script.tcl version: #1
Warning (18236): Number of processors has not been specified which may cause overloading on shared machines.  Set the global assignment NUM_PARALLEL_PROCESSORS in your QSF to an appropriate value for best performance.
Info (20030): Parallel compilation is enabled and will use 12 of the 12 processors detected
Info (21077): Low junction temperature is 0 degrees C
Info (21077): High junction temperature is 85 degrees C
Critical Warning (332012): Synopsys Design Constraints File file not found: 'Lab6_PART2.sdc'. A Synopsys Design Constraints File is required by the Timing Analyzer to get proper timing constraints. Without it, the Compiler will not properly optimize the design.
Info (332142): No user constrained base clocks found in the design. Calling "derive_clocks -period 1.0"
Info (332105): Deriving Clocks
    Info (332105): create_clock -period 1.000 -name MEMCLK MEMCLK
    Info (332105): create_clock -period 1.000 -name inst7 inst7
Info (332143): No user constrained clock uncertainty found in the design. Calling "derive_clock_uncertainty"
Info (332123): Deriving Clock Uncertainty. Please refer to report_sdc in the Timing Analyzer to see clock uncertainties.
Info: Found TIMING_ANALYZER_REPORT_SCRIPT_INCLUDE_DEFAULT_ANALYSIS = ON
Info: Analyzing Slow 1200mV 85C Model
Info: Can't run Report Timing Closure Recommendations. The current device family is not supported.
Critical Warning (332148): Timing requirements not met
Info (332146): Worst-case setup slack is -4.312
    Info (332119):     Slack       End Point TNS Clock 
    Info (332119): ========= =================== =====================
    Info (332119):    -4.312             -59.394 inst7 
    Info (332119):    -1.232              -1.232 MEMCLK 
Info (332146): Worst-case hold slack is 0.314
    Info (332119):     Slack       End Point TNS Clock 
    Info (332119): ========= =================== =====================
    Info (332119):     0.314               0.000 inst7 
    Info (332119):     1.147               0.000 MEMCLK 
Info (332140): No Recovery paths to report
Info (332140): No Removal paths to report
Info (332146): Worst-case minimum pulse width slack is -3.000
    Info (332119):     Slack       End Point TNS Clock 
    Info (332119): ========= =================== =====================
    Info (332119):    -3.000              -6.409 MEMCLK 
    Info (332119):    -1.222             -20.774 inst7 
Info: Analyzing Slow 1200mV 0C Model
Info (334003): Started post-fitting delay annotation
Warning (334000): Timing characteristics of device 10M50DAF484C6GES are preliminary
Info (334004): Delay annotation completed successfully
Info (332123): Deriving Clock Uncertainty. Please refer to report_sdc in the Timing Analyzer to see clock uncertainties.
Critical Warning (332148): Timing requirements not met
Info (332146): Worst-case setup slack is -3.907
    Info (332119):     Slack       End Point TNS Clock 
    Info (332119): ========= =================== =====================
    Info (332119):    -3.907             -53.613 inst7 
    Info (332119):    -1.059              -1.059 MEMCLK 
Info (332146): Worst-case hold slack is 0.285
    Info (332119):     Slack       End Point TNS Clock 
    Info (332119): ========= =================== =====================
    Info (332119):     0.285               0.000 inst7 
    Info (332119):     1.011               0.000 MEMCLK 
Info (332140): No Recovery paths to report
Info (332140): No Removal paths to report
Info (332146): Worst-case minimum pulse width slack is -3.000
    Info (332119):     Slack       End Point TNS Clock 
    Info (332119): ========= =================== =====================
    Info (332119):    -3.000              -6.252 MEMCLK 
    Info (332119):    -1.222             -20.774 inst7 
Info: Analyzing Fast 1200mV 0C Model
Info (332123): Deriving Clock Uncertainty. Please refer to report_sdc in the Timing Analyzer to see clock uncertainties.
Critical Warning (332148): Timing requirements not met
Info (332146): Worst-case setup slack is -1.611
    Info (332119):     Slack       End Point TNS Clock 
    Info (332119): ========= =================== =====================
    Info (332119):    -1.611             -21.158 inst7 
    Info (332119):    -0.330              -0.330 MEMCLK 
Info (332146): Worst-case hold slack is 0.144
    Info (332119):     Slack       End Point TNS Clock 
    Info (332119): ========= =================== =====================
    Info (332119):     0.144               0.000 inst7 
    Info (332119):     0.510               0.000 MEMCLK 
Info (332140): No Recovery paths to report
Info (332140): No Removal paths to report
Info (332146): Worst-case minimum pulse width slack is -3.000
    Info (332119):     Slack       End Point TNS Clock 
    Info (332119): ========= =================== =====================
    Info (332119):    -3.000              -5.128 MEMCLK 
    Info (332119):    -1.000             -17.000 inst7 
Info (332102): Design is not fully constrained for setup requirements
Info (332102): Design is not fully constrained for hold requirements
Info: Quartus Prime Timing Analyzer was successful. 0 errors, 6 warnings
    Info: Peak virtual memory: 4948 megabytes
    Info: Processing ended: Mon Apr 20 21:13:04 2026
    Info: Elapsed time: 00:00:02
    Info: Total CPU time (on all processors): 00:00:02


